,time,x,y
0,1,,
1,2,,
2,3,,
3,4,,
4,5,,
5,6,462.9,479.46
6,7,431.28,486.36
7,8,425.09,478.55
8,9,,
9,10,396.83,476.11
10,11,425.27,476.98
11,12,438.52,476.57
12,13,436.5,472.04
13,14,443.95,474.3
14,15,441.8,475.76
15,16,441.2,476.93
16,17,440.85,476.85
17,18,440.82,477.03
18,19,441.08,477.26
19,20,441.27,479.73
20,21,441.42,479.96
21,22,441.03,479.46
22,23,441.25,479.85
23,24,441.2,479.95
24,25,440.6,479.81
25,26,440.73,480.27
26,27,442.22,479.66
27,28,429.25,473.93
28,29,358.48,487.87
29,30,276.22,503.17
30,31,258.84,513.09
31,32,260.82,518.11
32,33,,
33,34,,
34,35,,
35,36,,
36,37,,
37,38,,
38,39,,
39,40,,
40,41,,
41,42,,
42,43,,
43,44,,
44,45,,
45,46,,
46,47,,
47,48,,
48,49,,
49,50,,
50,51,,
51,52,,
52,53,,
53,54,,
54,55,,
55,56,,
56,57,,
57,58,,
58,59,,
59,60,,
60,61,,
61,62,,
62,63,,
63,64,,
64,65,,
65,66,,
66,67,,
67,68,,
68,69,,
69,70,,
70,71,,
71,72,,
72,73,,
73,74,,
74,75,,
75,76,,
76,77,,
77,78,,
78,79,,
79,80,493.21,510.81
80,81,493.23,494.77
81,82,480.19,482.05
82,83,476.74,485.41
83,84,476.34,492.72
84,85,470.4,492.27
85,86,474.25,492.52
86,87,482.59,484.38
87,88,472.1,482.45
88,89,501.77,489.51
89,90,583.77,492.97
90,91,575.3,487.22
91,92,580.36,485.89
92,93,579.69,494.05
93,94,582.37,491.8
94,95,581.41,488.72
95,96,581.35,487.74
96,97,584.24,490.69
97,98,583.82,491.46
98,99,581.64,484.23
99,100,579.37,483.58
100,101,564.19,489.14
101,102,566.15,488.96
102,103,566.43,504.99
103,104,,
104,105,,
105,106,,
106,107,,
107,108,,
108,109,,
109,110,,
110,111,402.48,497.11
111,112,380.2,492.43
112,113,388.24,491.69
113,114,374.74,507.11
114,115,357.22,511.97
115,116,353.6,514.68
116,117,355.01,517.15
117,118,353.96,516.12
118,119,356.11,514.88
119,120,340.3,516.95
120,121,,
121,122,,
122,123,,
123,124,,
124,125,,
125,126,,
126,127,,
127,128,,
128,129,,
129,130,,
130,131,,
131,132,,
132,133,,
133,134,,
134,135,,
135,136,,
136,137,,
137,138,,
138,139,,
139,140,,
140,141,,
141,142,,
142,143,,
143,144,,
144,145,,
145,146,,
146,147,,
147,148,,
148,149,,
149,150,,
150,151,,
151,152,,
152,153,,
153,154,,
154,155,,
155,156,,
156,157,,
157,158,,
158,159,,
159,160,,
160,161,,
161,162,,
162,163,588.46,521.52
163,164,562.64,514.94
164,165,,
165,166,,
166,167,,
167,168,,
168,169,,
169,170,,
170,171,,
171,172,,
172,173,,
173,174,,
174,175,,
175,176,,
176,177,,
177,178,532.86,521.19
178,179,,
179,180,,
180,181,,
181,182,,
182,183,,
183,184,,
184,185,,
185,186,,
186,187,,
187,188,,
188,189,,
189,190,,
190,191,641.67,526.03
191,192,,
192,193,,
193,194,,
194,195,,
195,196,,
196,197,621.69,514.25
197,198,616.62,508.41
198,199,593.62,503.23
199,200,569.66,505.8
200,201,599.9,515.9
201,202,,
202,203,,
203,204,,
204,205,,
205,206,615.94,506.28
206,207,627.94,504.57
207,208,,
208,209,605.86,494.84
209,210,625.51,508.78
210,211,626.87,514.07
211,212,620.12,497.04
212,213,,
213,214,,
214,215,605.21,487.64
215,216,619.64,515.95
216,217,591.37,511.01
217,218,596.04,495.51
218,219,595.81,487.09
219,220,585.18,486.24
220,221,601.83,480.34
221,222,595.34,485.61
222,223,603.1,480.9
223,224,594.58,484.4
224,225,600.86,470.84
225,226,600.33,472.42
226,227,593.5,473.64
227,228,599.12,515.63
228,229,,
229,230,579.18,476.03
230,231,531.37,459.13
231,232,539.02,462.89
232,233,539.55,458.16
233,234,538.45,460.14
234,235,532.29,462.73
235,236,539.47,463.74
236,237,539.46,463.0
237,238,540.17,463.59
238,239,538.31,463.79
239,240,536.36,463.8
240,241,531.11,464.94
241,242,526.08,464.08
242,243,541.43,469.96
243,244,578.21,447.73
244,245,603.88,452.79
245,246,607.85,441.5
246,247,587.77,447.48
247,248,532.14,400.44
248,249,517.43,380.43
249,250,537.95,369.82
250,251,551.97,368.45
251,252,545.39,369.31
252,253,552.75,371.36
253,254,555.36,372.32
254,255,551.03,364.41
255,256,520.21,347.18
256,257,509.24,363.29
257,258,507.7,357.74
258,259,519.76,349.78
259,260,541.07,357.47
260,261,534.14,356.35
261,262,534.66,358.26
262,263,530.64,355.96
263,264,527.44,355.31
264,265,520.03,354.85
265,266,508.41,367.12
266,267,517.0,383.19
267,268,525.53,381.12
268,269,528.25,390.69
269,270,532.71,394.27
270,271,527.73,390.57
271,272,527.79,390.6
272,273,531.06,397.45
273,274,542.65,403.42
274,275,550.11,403.37
275,276,567.82,407.42
276,277,573.2,413.35
277,278,564.1,411.18
278,279,562.85,411.05
279,280,550.26,425.05
280,281,558.83,459.78
281,282,571.71,457.21
282,283,573.58,452.94
283,284,577.42,453.09
284,285,590.25,446.95
285,286,622.02,437.67
286,287,616.51,428.79
287,288,624.23,420.89
288,289,609.27,438.82
289,290,614.08,431.69
290,291,576.37,429.0
291,292,577.03,416.84
292,293,564.54,396.18
293,294,565.92,385.38
294,295,577.31,383.98
295,296,579.77,379.89
296,297,564.05,397.34
297,298,559.45,400.6
298,299,557.91,399.26
299,300,555.05,400.3
300,301,563.23,397.93
301,302,570.5,384.32
302,303,571.12,387.36
303,304,578.46,403.72
304,305,578.36,413.64
305,306,579.53,407.24
306,307,578.98,420.38
307,308,568.23,418.81
308,309,573.23,430.16
309,310,575.84,420.04
310,311,581.54,426.7
311,312,584.7,425.42
312,313,582.85,416.3
313,314,565.48,422.51
314,315,573.81,429.05
315,316,583.66,463.17
316,317,573.1,456.55
317,318,572.19,446.45
318,319,575.14,430.48
319,320,592.02,439.24
320,321,593.3,443.5
321,322,634.51,421.42
322,323,627.15,414.11
323,324,603.66,407.88
324,325,611.81,420.87
325,326,612.19,412.59
326,327,612.85,423.67
327,328,609.11,420.92
328,329,595.15,434.07
329,330,560.3,446.89
330,331,546.81,434.36
331,332,561.23,423.04
332,333,490.57,428.53
333,334,466.58,434.63
334,335,463.64,430.69
335,336,462.56,423.34
336,337,464.15,433.7
337,338,441.3,451.87
338,339,434.98,448.6
339,340,442.63,456.11
340,341,513.89,473.4
341,342,614.09,473.19
342,343,614.18,461.04
343,344,611.97,455.97
344,345,460.0,478.08
345,346,412.71,477.61
346,347,440.21,462.37
347,348,499.13,472.13
348,349,505.18,460.9
349,350,532.12,473.78
350,351,550.07,465.14
351,352,556.1,469.35
352,353,555.4,464.82
353,354,552.99,462.98
354,355,547.03,457.2
355,356,544.05,456.17
356,357,548.85,455.83
357,358,550.34,458.53
358,359,545.92,457.15
359,360,544.84,458.74
360,361,534.17,460.59
361,362,531.56,468.33
362,363,533.35,457.41
363,364,530.69,464.13
364,365,531.22,466.06
365,366,534.43,463.09
366,367,532.33,445.58
367,368,529.7,444.51
368,369,524.85,464.68
369,370,518.04,456.62
370,371,518.91,461.02
371,372,516.04,458.38
372,373,523.03,451.43
373,374,525.86,456.05
374,375,524.18,464.02
375,376,525.9,451.71
376,377,532.48,445.24
377,378,520.45,455.08
378,379,525.3,457.32
379,380,529.56,456.79
380,381,522.98,459.15
381,382,520.92,446.96
382,383,523.24,451.54
383,384,527.01,454.77
384,385,521.66,464.9
385,386,524.51,461.44
386,387,520.66,456.76
387,388,545.57,476.01
388,389,574.26,436.83
389,390,579.75,419.57
390,391,569.13,450.46
391,392,584.47,436.79
392,393,596.71,446.92
393,394,592.81,442.71
394,395,603.69,442.0
395,396,601.54,441.26
396,397,600.65,446.36
397,398,597.85,457.18
398,399,606.75,446.43
399,400,611.92,436.07
400,401,616.27,427.87
401,402,615.37,423.41
402,403,612.63,424.35
403,404,617.31,426.04
404,405,617.44,427.81
405,406,617.0,426.78
406,407,616.6,435.17
407,408,620.51,433.85
408,409,613.48,443.16
409,410,606.05,432.33
410,411,600.62,425.02
411,412,618.51,417.01
412,413,625.04,409.56
413,414,625.64,408.54
414,415,627.91,405.14
415,416,617.34,405.16
416,417,606.84,442.68
417,418,608.74,443.21
418,419,608.34,442.19
419,420,607.77,440.43
420,421,608.61,434.15
421,422,628.07,414.03
422,423,634.94,405.23
423,424,634.9,404.89
424,425,634.77,404.48
425,426,634.75,404.11
426,427,634.77,420.21
427,428,633.47,405.43
428,429,636.26,403.75
429,430,626.93,404.23
430,431,619.28,401.36
431,432,630.65,406.47
432,433,634.44,399.76
433,434,628.49,405.02
434,435,610.96,405.87
435,436,606.79,435.86
436,437,521.97,483.07
437,438,529.83,475.69
438,439,520.68,484.15
439,440,519.74,482.45
440,441,534.87,484.16
441,442,529.13,484.8
442,443,557.98,466.51
443,444,544.01,464.33
444,445,522.64,478.8
445,446,525.84,483.45
446,447,524.32,485.27
447,448,533.52,484.33
448,449,533.54,484.37
449,450,527.63,484.39
450,451,533.81,483.75
451,452,538.77,470.9
452,453,530.94,462.26
453,454,497.17,462.1
454,455,427.39,445.31
455,456,404.45,440.24
456,457,386.93,486.7
457,458,370.79,499.43
458,459,385.71,503.38
459,460,386.74,504.38
460,461,381.11,492.97
461,462,382.27,503.78
462,463,384.21,495.66
463,464,385.43,481.85
464,465,375.23,485.47
465,466,381.25,455.66
466,467,373.84,461.14
467,468,371.57,453.48
468,469,386.14,467.42
469,470,370.65,468.82
470,471,374.15,448.36
471,472,370.97,434.9
472,473,377.32,429.4
473,474,377.79,425.93
474,475,377.83,432.84
475,476,377.72,437.27
476,477,377.95,433.19
477,478,379.6,434.09
478,479,376.85,436.89
479,480,379.17,427.44
480,481,376.13,430.73
481,482,374.15,433.95
482,483,375.83,429.12
483,484,375.36,426.94
484,485,375.74,430.55
485,486,374.91,432.6
486,487,373.53,438.79
487,488,374.8,431.65
488,489,378.68,434.65
489,490,373.14,439.2
490,491,362.93,457.48
491,492,359.54,461.98
492,493,360.81,460.39
493,494,358.48,455.88
494,495,353.47,457.45
495,496,358.2,458.96
496,497,360.39,455.0
497,498,352.83,442.05
498,499,340.36,442.89
499,500,343.07,435.62
500,501,346.65,438.01
501,502,359.59,432.34
502,503,359.25,429.74
503,504,362.61,432.69
504,505,365.2,430.96
505,506,358.18,426.76
506,507,360.46,430.66
507,508,360.96,429.32
508,509,362.25,437.42
509,510,389.69,433.03
510,511,398.81,426.51
511,512,395.44,422.52
512,513,368.65,457.23
513,514,367.84,464.9
514,515,357.68,465.59
515,516,359.98,462.97
516,517,342.33,451.73
517,518,322.66,463.07
518,519,317.66,480.67
519,520,309.78,477.99
520,521,369.63,458.78
521,522,367.66,456.74
522,523,370.91,453.87
523,524,383.83,453.12
524,525,390.3,451.31
525,526,386.56,454.76
526,527,389.79,457.13
527,528,382.91,455.18
528,529,387.24,458.11
529,530,369.64,475.37
530,531,343.12,474.19
531,532,349.58,467.0
532,533,373.51,504.96
533,534,460.48,487.07
534,535,501.82,469.58
535,536,,
536,537,,
537,538,294.34,497.74
538,539,279.74,489.84
539,540,313.52,494.07
540,541,298.91,497.68
541,542,314.04,490.83
542,543,314.63,500.54
543,544,315.53,501.85
544,545,272.42,509.14
545,546,283.45,511.64
546,547,284.16,507.83
547,548,257.37,518.65
548,549,238.97,498.42
549,550,263.99,494.05
550,551,267.07,516.36
551,552,272.2,513.93
552,553,,
553,554,380.45,511.71
554,555,309.5,493.39
555,556,295.05,501.74
556,557,,
557,558,,
558,559,,
559,560,273.21,494.28
560,561,284.68,494.9
561,562,229.8,489.98
562,563,251.95,482.7
563,564,283.51,485.83
564,565,271.1,495.97
565,566,,
566,567,258.71,511.57
567,568,,
568,569,,
569,570,,
570,571,,
571,572,,
572,573,,
573,574,,
574,575,247.04,499.73
575,576,252.81,500.68
576,577,,
577,578,,
578,579,248.92,501.33
579,580,,
580,581,249.53,501.03
581,582,,
582,583,,
583,584,,
584,585,,
585,586,,
586,587,,
587,588,252.44,501.24
588,589,,
589,590,,
590,591,,
591,592,,
592,593,,
593,594,,
594,595,,
595,596,,
596,597,,
597,598,,
598,599,,
599,600,,
600,601,,
601,602,255.17,511.88
602,603,,
603,604,,
604,605,256.58,511.65
605,606,255.56,511.77
606,607,254.64,512.84
607,608,,
608,609,,
609,610,,
610,611,174.4,478.31
611,612,,
612,613,119.42,474.03
613,614,259.56,461.07
614,615,222.27,481.12
615,616,237.02,482.32
616,617,232.16,489.3
617,618,227.48,489.39
618,619,235.63,487.55
619,620,229.62,486.15
620,621,217.66,481.74
621,622,207.85,484.04
622,623,219.71,479.39
623,624,219.23,481.29
624,625,221.12,487.42
625,626,226.04,488.89
626,627,226.67,489.65
627,628,230.46,487.83
628,629,226.67,485.61
629,630,220.86,483.77
630,631,215.23,484.3
631,632,274.14,492.6
632,633,326.12,491.41
633,634,419.44,527.76
634,635,,
635,636,277.8,513.2
636,637,301.17,502.75
637,638,335.75,488.92
638,639,346.86,516.31
639,640,383.85,485.14
640,641,354.76,476.64
641,642,370.68,456.14
642,643,372.31,457.34
643,644,364.22,471.7
644,645,481.32,485.7
645,646,552.72,479.51
646,647,499.95,488.95
647,648,,
648,649,,
649,650,,
650,651,,
651,652,,
652,653,496.74,495.86
653,654,502.75,494.62
654,655,,
655,656,,
656,657,,
657,658,,
658,659,,
659,660,,
660,661,,
661,662,647.72,514.84
662,663,,
663,664,,
664,665,,
665,666,,
666,667,,
667,668,600.02,494.24
668,669,603.18,499.05
669,670,602.97,522.07
670,671,,
671,672,,
672,673,,
673,674,,
674,675,,
675,676,,
676,677,,
677,678,624.28,478.34
678,679,619.88,483.11
679,680,613.45,481.49
680,681,478.33,447.64
681,682,401.67,391.46
682,683,409.26,365.42
683,684,425.18,372.28
684,685,,
685,686,,
686,687,,
687,688,,
688,689,,
689,690,,
690,691,,
691,692,,
692,693,,
693,694,,
694,695,,
695,696,,
696,697,,
697,698,,
698,699,,
699,700,,
700,701,,
701,702,,
702,703,,
703,704,,
704,705,,
705,706,,
706,707,,
707,708,,
708,709,,
709,710,384.58,342.99
710,711,498.63,366.02
711,712,592.65,397.09
712,713,613.01,419.0
713,714,614.2,418.41
714,715,618.23,430.27
715,716,625.04,432.35
716,717,485.44,428.54
717,718,356.64,395.02
718,719,326.25,392.13
719,720,340.47,379.89
720,721,324.68,381.89
721,722,326.06,383.42
722,723,,
723,724,,
724,725,,
725,726,,
726,727,,
727,728,,
728,729,,
729,730,,
730,731,,
731,732,,
732,733,,
733,734,,
734,735,,
735,736,,
736,737,,
737,738,,
738,739,,
739,740,,
740,741,,
741,742,,
742,743,,
743,744,,
744,745,,
745,746,,
746,747,,
747,748,,
748,749,381.89,392.74
749,750,460.16,383.64
750,751,502.51,330.85
751,752,497.12,300.68
752,753,498.23,296.65
753,754,483.62,296.56
754,755,493.14,299.5
755,756,490.77,298.68
756,757,493.21,300.05
757,758,522.52,303.49
758,759,523.46,309.66
759,760,535.21,308.51
760,761,527.67,303.61
761,762,521.8,312.85
762,763,525.63,314.27
763,764,539.52,314.08
764,765,553.69,319.6
765,766,565.44,320.83
766,767,571.31,321.44
767,768,584.53,324.39
768,769,595.63,322.59
769,770,636.94,353.76
770,771,635.56,366.23
771,772,634.92,360.86
772,773,622.81,365.67
773,774,608.64,403.15
774,775,584.1,415.9
775,776,597.91,431.73
776,777,601.7,428.47
777,778,603.26,431.1
778,779,605.1,428.51
779,780,578.13,446.16
780,781,612.11,452.04
781,782,627.78,456.7
782,783,628.49,437.0
783,784,626.04,421.97
784,785,626.99,412.03
785,786,618.77,422.88
786,787,588.77,400.74
787,788,582.28,404.14
788,789,588.11,405.98
789,790,579.69,405.24
790,791,562.22,396.69
791,792,583.97,396.74
792,793,559.6,395.72
793,794,547.56,385.65
794,795,526.3,374.62
795,796,515.64,377.75
796,797,520.7,377.49
797,798,520.32,380.87
798,799,516.66,378.08
799,800,534.89,380.53
800,801,543.63,392.18
801,802,534.13,374.41
802,803,583.67,393.71
803,804,537.95,389.9
804,805,520.76,380.44
805,806,533.72,378.94
806,807,466.94,351.96
807,808,459.64,345.49
808,809,474.68,305.18
809,810,488.38,257.14
810,811,550.67,221.33
811,812,588.13,196.32
812,813,650.01,192.01
813,814,674.75,189.38
814,815,675.13,189.97
815,816,675.5,190.17
816,817,675.56,189.98
817,818,675.56,190.15
818,819,676.03,190.22
819,820,675.87,190.31
820,821,676.09,190.76
821,822,676.16,190.72
822,823,675.58,190.28
823,824,676.62,191.38
824,825,679.39,192.75
825,826,680.02,193.6
826,827,679.22,193.71
827,828,679.11,193.62
828,829,678.61,193.27
829,830,678.69,194.07
830,831,672.85,190.28
831,832,660.04,178.99
832,833,662.75,162.63
833,834,646.74,135.72
834,835,646.46,123.33
835,836,669.1,110.62
836,837,674.12,100.61
837,838,674.29,100.11
838,839,674.34,100.28
839,840,680.03,107.9
840,841,688.45,106.93
841,842,687.35,106.23
842,843,696.51,108.38
843,844,705.13,109.72
844,845,713.24,111.66
845,846,695.85,120.2
846,847,649.2,122.2
847,848,,
848,849,,
849,850,,
850,851,,
851,852,,
852,853,646.51,144.03
853,854,627.63,163.46
854,855,570.18,177.64
855,856,488.65,201.22
856,857,425.28,215.8
857,858,432.35,247.27
858,859,487.45,289.93
859,860,563.57,333.28
860,861,589.34,344.85
861,862,589.23,334.91
862,863,584.64,342.84
863,864,616.09,372.53
864,865,564.77,389.82
865,866,558.83,385.55
866,867,516.99,388.44
867,868,438.35,443.07
868,869,501.13,515.53
869,870,564.45,519.32
870,871,553.36,487.84
871,872,480.2,443.35
872,873,458.78,423.67
873,874,469.91,411.11
874,875,429.87,436.5
875,876,364.66,482.12
876,877,,
877,878,,
878,879,384.48,464.56
879,880,543.05,463.46
880,881,553.19,449.9
881,882,518.56,395.68
882,883,517.61,314.87
883,884,502.18,256.51
884,885,487.48,220.96
885,886,532.04,194.74
886,887,589.29,175.74
887,888,601.06,173.91
888,889,587.84,177.0
889,890,583.12,181.15
890,891,580.5,186.06
891,892,579.28,191.59
892,893,580.69,189.94
893,894,581.68,190.79
894,895,581.38,195.34
895,896,578.36,197.47
896,897,579.67,198.26
897,898,611.23,187.64
898,899,660.03,168.53
899,900,685.2,156.01
900,901,711.76,162.11
901,902,,
902,903,,
903,904,,
904,905,,
905,906,,
906,907,,
907,908,,
908,909,,
909,910,,
910,911,,
911,912,,
912,913,,
913,914,,
914,915,,
915,916,,
916,917,,
917,918,,
918,919,,
919,920,,
920,921,,
921,922,,
922,923,,
923,924,,
924,925,,
925,926,,
926,927,,
927,928,,
928,929,,
929,930,,
930,931,,
931,932,655.26,141.08
932,933,641.04,126.37
933,934,655.75,113.51
934,935,670.99,102.54
935,936,671.38,101.29
936,937,676.39,108.6
937,938,687.27,106.77
938,939,689.56,107.82
939,940,690.67,108.54
940,941,701.48,109.95
941,942,703.53,114.48
942,943,676.55,125.81
943,944,653.24,145.46
944,945,629.28,158.88
945,946,582.31,183.17
946,947,538.39,216.19
947,948,506.1,257.04
948,949,442.86,311.31
949,950,412.57,358.64
950,951,399.12,373.32
951,952,437.01,356.18
952,953,451.06,352.26
953,954,429.03,343.68
954,955,454.56,337.92
955,956,490.23,348.18
956,957,563.38,372.93
957,958,619.59,432.88
958,959,603.79,497.76
959,960,,
960,961,,
961,962,,
962,963,300.14,458.69
963,964,435.46,417.67
964,965,463.87,403.63
965,966,502.77,396.03
966,967,506.76,380.97
967,968,510.58,396.99
968,969,510.96,411.09
969,970,494.58,415.88
970,971,500.14,426.97
971,972,504.41,413.13
972,973,489.66,446.23
973,974,433.63,493.52
974,975,,
975,976,,
976,977,,
977,978,,
978,979,,
979,980,,
980,981,,
981,982,,
982,983,,
983,984,,
984,985,,
985,986,,
986,987,,
987,988,,
988,989,,
989,990,,
990,991,,
991,992,,
992,993,,
993,994,,
994,995,,
995,996,,
996,997,,
997,998,,
998,999,,
999,1000,,
1000,1001,381.4,490.61
1001,1002,330.21,485.24
1002,1003,315.3,471.51
1003,1004,312.42,490.09
1004,1005,373.72,486.37
1005,1006,341.71,477.05
1006,1007,315.6,482.76
1007,1008,318.46,482.55
1008,1009,353.25,478.74
1009,1010,,
1010,1011,,
1011,1012,394.98,445.31
1012,1013,396.68,511.46
1013,1014,,
1014,1015,381.26,500.99
1015,1016,490.06,390.93
1016,1017,551.04,251.21
1017,1018,601.26,181.07
1018,1019,656.42,139.32
1019,1020,675.14,110.55
1020,1021,674.44,98.66
1021,1022,674.79,98.69
1022,1023,674.76,98.8
1023,1024,674.74,98.7
1024,1025,674.59,98.86
1025,1026,674.55,98.73
1026,1027,674.54,98.58
1027,1028,672.44,99.41
1028,1029,671.45,98.96
1029,1030,670.55,98.97
1030,1031,668.89,100.11
1031,1032,668.59,99.28
1032,1033,669.26,99.8
1033,1034,669.2,99.67
1034,1035,671.46,98.29
1035,1036,671.21,98.18
1036,1037,671.5,98.14
1037,1038,671.59,98.15
1038,1039,671.68,98.1
1039,1040,671.79,98.16
1040,1041,671.58,98.17
1041,1042,671.67,98.11
1042,1043,671.75,98.12
1043,1044,671.95,98.17
1044,1045,672.01,98.11
1045,1046,671.83,98.14
1046,1047,672.02,98.16
1047,1048,672.05,98.23
1048,1049,675.44,108.91
1049,1050,676.88,109.78
1050,1051,675.36,109.12
1051,1052,680.46,110.3
1052,1053,682.39,112.45
1053,1054,681.69,111.88
1054,1055,681.45,111.41
1055,1056,681.76,112.08
1056,1057,681.68,111.81
1057,1058,681.98,111.77
1058,1059,681.95,111.83
1059,1060,681.75,114.16
1060,1061,680.61,113.56
1061,1062,680.57,112.91
1062,1063,680.13,112.6
1063,1064,681.63,111.7
1064,1065,682.86,113.85
1065,1066,682.77,113.71
1066,1067,682.79,113.42
1067,1068,682.27,112.68
1068,1069,682.28,112.72
1069,1070,682.16,112.53
1070,1071,682.26,112.45
1071,1072,682.18,112.46
1072,1073,682.24,112.49
1073,1074,681.88,111.76
1074,1075,681.6,111.65
1075,1076,681.87,111.5
1076,1077,681.88,111.34
1077,1078,681.88,112.84
1078,1079,682.17,114.69
1079,1080,682.58,115.96
1080,1081,680.26,114.72
1081,1082,680.21,115.03
1082,1083,679.91,115.35
1083,1084,680.04,115.02
1084,1085,682.13,114.16
1085,1086,681.27,114.25
1086,1087,680.42,114.24
1087,1088,679.98,114.22
1088,1089,678.61,115.05
1089,1090,678.78,115.14
1090,1091,679.85,114.79
1091,1092,679.18,114.4
1092,1093,676.87,102.46
1093,1094,676.16,103.16
1094,1095,676.01,103.21
1095,1096,675.91,102.97
1096,1097,676.14,102.83
1097,1098,676.27,102.87
1098,1099,676.35,102.99
1099,1100,676.66,103.19
1100,1101,676.49,103.27
1101,1102,676.5,103.15
1102,1103,676.5,103.32
1103,1104,676.46,103.3
1104,1105,673.32,103.7
1105,1106,672.28,109.08
1106,1107,675.72,109.74
1107,1108,680.28,107.86
1108,1109,687.33,108.98
1109,1110,701.22,110.11
1110,1111,699.78,110.26
1111,1112,697.63,109.82
1112,1113,697.72,109.86
1113,1114,698.59,109.91
1114,1115,698.07,109.3
1115,1116,698.2,109.62
1116,1117,698.54,109.56
1117,1118,698.46,109.53
1118,1119,711.34,111.67
1119,1120,714.95,114.96
1120,1121,721.18,118.95
1121,1122,721.94,118.92
1122,1123,721.24,119.05
1123,1124,722.72,118.26
1124,1125,721.88,122.26
1125,1126,721.63,125.81
1126,1127,719.91,129.75
1127,1128,720.08,129.41
1128,1129,719.8,129.86
1129,1130,719.97,129.1
1130,1131,720.38,129.21
1131,1132,719.87,129.08
1132,1133,719.88,129.09
1133,1134,719.91,129.02
1134,1135,719.86,128.98
1135,1136,719.91,129.38
1136,1137,719.91,129.33
1137,1138,720.02,129.37
1138,1139,719.85,129.41
1139,1140,719.77,129.89
1140,1141,719.92,129.79
1141,1142,719.88,129.91
1142,1143,719.97,129.56
1143,1144,719.47,133.14
1144,1145,719.65,136.5
1145,1146,718.5,136.88
1146,1147,717.92,137.14
1147,1148,716.89,136.96
1148,1149,716.95,137.08
1149,1150,716.98,137.14
1150,1151,716.87,137.12
1151,1152,716.91,137.28
1152,1153,716.76,137.38
1153,1154,716.63,137.35
1154,1155,715.61,134.43
1155,1156,719.26,123.82
1156,1157,708.51,132.23
1157,1158,690.84,146.06
1158,1159,687.11,157.95
1159,1160,683.96,158.87
1160,1161,688.83,172.73
1161,1162,686.74,174.45
1162,1163,680.36,179.03
1163,1164,674.95,186.62
1164,1165,671.96,187.49
1165,1166,668.75,188.66
1166,1167,676.25,189.66
1167,1168,675.49,192.22
1168,1169,677.28,191.88
1169,1170,672.87,189.27
1170,1171,673.75,188.4
1171,1172,673.36,188.5
1172,1173,673.3,188.52
1173,1174,673.44,188.43
1174,1175,673.93,188.71
1175,1176,674.6,189.36
1176,1177,673.43,189.09
1177,1178,673.71,188.98
1178,1179,673.03,188.94
1179,1180,672.45,188.89
1180,1181,670.36,186.8
1181,1182,658.56,180.03
1182,1183,652.33,155.48
1183,1184,654.93,134.06
1184,1185,663.8,118.69
1185,1186,670.47,105.23
1186,1187,670.25,102.9
1187,1188,670.29,102.73
1188,1189,670.32,102.58
1189,1190,670.36,102.71
1190,1191,670.34,102.69
1191,1192,670.48,102.61
1192,1193,670.34,103.0
1193,1194,670.44,103.08
1194,1195,670.45,103.07
1195,1196,670.44,103.07
1196,1197,670.46,103.15
1197,1198,671.09,109.0
1198,1199,690.47,108.26
1199,1200,704.41,109.39
1200,1201,706.16,112.76
1201,1202,707.29,112.3
1202,1203,707.22,113.89
1203,1204,707.4,115.3
1204,1205,706.66,112.77
1205,1206,706.6,112.66
1206,1207,706.83,112.93
1207,1208,706.33,113.7
1208,1209,706.2,113.98
1209,1210,706.19,113.92
1210,1211,706.14,113.95
1211,1212,706.1,114.13
1212,1213,706.07,113.57
1213,1214,706.33,114.7
1214,1215,,
1215,1216,706.05,115.84
1216,1217,706.06,115.71
1217,1218,706.71,113.83
1218,1219,707.48,114.66
1219,1220,706.45,114.96
1220,1221,706.32,115.15
1221,1222,706.22,115.25
1222,1223,706.29,115.41
1223,1224,706.26,115.34
1224,1225,706.12,115.1
1225,1226,705.62,114.89
1226,1227,707.35,105.29
1227,1228,691.12,109.83
1228,1229,666.63,120.84
1229,1230,656.61,136.31
1230,1231,637.85,161.74
1231,1232,599.83,175.88
1232,1233,553.31,203.47
1233,1234,490.53,228.43
1234,1235,465.25,254.96
1235,1236,495.73,304.36
1236,1237,562.38,358.35
1237,1238,609.44,420.48
1238,1239,611.05,425.95
1239,1240,629.29,449.35
1240,1241,633.46,457.7
1241,1242,629.48,454.06
1242,1243,627.87,453.15
1243,1244,628.39,454.44
1244,1245,628.39,456.53
1245,1246,603.85,461.83
1246,1247,603.48,491.49
1247,1248,598.25,498.98
1248,1249,596.27,497.92
1249,1250,596.1,497.81
1250,1251,596.31,511.22
1251,1252,,
1252,1253,,
1253,1254,359.36,503.22
1254,1255,361.01,502.82
1255,1256,361.57,502.81
1256,1257,352.56,492.23
1257,1258,380.47,495.61
1258,1259,377.66,489.58
1259,1260,382.93,481.52
1260,1261,385.71,467.1
1261,1262,414.41,454.02
1262,1263,409.86,454.36
1263,1264,412.19,443.7
1264,1265,412.15,444.23
1265,1266,413.01,444.46
1266,1267,420.97,444.5
1267,1268,426.87,439.45
1268,1269,425.07,440.15
1269,1270,425.46,441.73
1270,1271,426.38,443.57
1271,1272,427.4,439.21
1272,1273,423.3,445.46
1273,1274,435.32,438.16
1274,1275,460.28,429.52
1275,1276,457.17,423.45
1276,1277,443.15,398.34
1277,1278,453.67,407.86
1278,1279,466.22,396.24
1279,1280,470.67,398.51
1280,1281,468.56,389.55
1281,1282,480.17,414.61
1282,1283,515.11,426.51
1283,1284,521.16,436.57
1284,1285,535.19,436.93
1285,1286,531.75,440.31
1286,1287,441.8,459.69
1287,1288,,
1288,1289,,
1289,1290,,
1290,1291,,
1291,1292,,
1292,1293,,
1293,1294,407.61,497.0
1294,1295,443.11,490.72
1295,1296,,
1296,1297,446.69,499.69
1297,1298,,
1298,1299,,
1299,1300,,
1300,1301,,
1301,1302,,
1302,1303,,
1303,1304,,
1304,1305,,
1305,1306,,
1306,1307,,
1307,1308,,
1308,1309,,
1309,1310,,
1310,1311,,
1311,1312,,
1312,1313,,
1313,1314,,
1314,1315,,
1315,1316,,
1316,1317,,
1317,1318,,
1318,1319,,
1319,1320,,
1320,1321,,
1321,1322,370.1,487.6
1322,1323,,
1323,1324,285.71,472.96
1324,1325,357.66,498.08
1325,1326,375.63,485.58
1326,1327,338.21,487.17
1327,1328,334.68,482.6
1328,1329,368.82,485.71
1329,1330,375.4,481.62
1330,1331,311.25,485.87
1331,1332,330.2,480.49
1332,1333,359.36,484.37
1333,1334,366.92,483.19
1334,1335,359.19,482.14
1335,1336,359.23,480.39
1336,1337,,
1337,1338,,
1338,1339,,
1339,1340,,
1340,1341,,
1341,1342,,
1342,1343,,
1343,1344,,
1344,1345,,
1345,1346,,
1346,1347,,
1347,1348,,
1348,1349,,
1349,1350,,
1350,1351,,
1351,1352,,
1352,1353,,
1353,1354,,
1354,1355,,
1355,1356,274.47,498.08
1356,1357,,
1357,1358,299.26,488.47
1358,1359,268.85,500.94
1359,1360,,
1360,1361,304.5,488.39
1361,1362,306.85,487.98
1362,1363,290.53,492.87
1363,1364,292.28,489.41
1364,1365,295.82,487.62
1365,1366,304.03,487.66
1366,1367,293.81,495.81
1367,1368,,
1368,1369,,
1369,1370,,
1370,1371,,
1371,1372,409.64,422.92
1372,1373,426.54,438.37
1373,1374,556.12,454.48
1374,1375,563.81,461.61
1375,1376,564.14,460.56
1376,1377,562.66,459.17
1377,1378,565.01,448.81
1378,1379,560.33,459.61
1379,1380,559.9,451.28
1380,1381,628.14,386.97
1381,1382,618.06,314.89
1382,1383,682.04,267.86
1383,1384,,
1384,1385,,
1385,1386,662.45,227.34
1386,1387,633.62,192.76
1387,1388,661.91,172.49
1388,1389,712.65,163.25
1389,1390,,
1390,1391,,
1391,1392,,
1392,1393,,
1393,1394,,
1394,1395,,
1395,1396,,
1396,1397,,
1397,1398,,
1398,1399,,
1399,1400,,
1400,1401,695.07,152.47
1401,1402,662.98,132.89
1402,1403,654.54,119.55
1403,1404,669.06,108.67
1404,1405,669.31,108.88
1405,1406,669.33,109.15
1406,1407,669.31,109.05
1407,1408,671.94,110.77
1408,1409,671.15,113.74
1409,1410,671.9,107.56
1410,1411,673.07,99.71
1411,1412,673.14,99.64
1412,1413,672.9,99.46
1413,1414,672.9,99.55
1414,1415,672.9,99.52
1415,1416,672.79,99.5
1416,1417,672.8,99.48
1417,1418,672.91,99.52
1418,1419,672.9,99.51
1419,1420,672.26,104.56
1420,1421,675.79,107.23
1421,1422,675.38,112.22
1422,1423,675.36,113.89
1423,1424,675.77,113.12
1424,1425,675.47,112.35
1425,1426,675.49,112.62
1426,1427,675.6,112.71
1427,1428,675.5,112.72
1428,1429,675.27,112.5
1429,1430,675.22,112.48
1430,1431,675.24,112.84
1431,1432,675.29,114.44
1432,1433,675.67,116.42
1433,1434,675.22,116.3
1434,1435,675.33,116.0
1435,1436,676.25,113.71
1436,1437,676.34,113.63
1437,1438,676.39,114.75
1438,1439,677.29,116.88
1439,1440,677.08,116.57
1440,1441,676.92,115.31
1441,1442,676.81,113.13
1442,1443,676.05,112.37
1443,1444,676.29,112.08
1444,1445,675.69,111.97
1445,1446,675.91,111.92
1446,1447,675.54,113.59
1447,1448,675.66,115.79
1448,1449,675.89,114.01
1449,1450,675.81,113.56
1450,1451,676.11,114.31
1451,1452,676.2,114.48
1452,1453,676.27,114.22
1453,1454,676.06,114.17
1454,1455,675.95,113.77
1455,1456,675.93,113.8
1456,1457,676.31,113.5
1457,1458,676.45,113.55
1458,1459,676.1,113.65
1459,1460,676.2,113.35
1460,1461,676.19,113.36
1461,1462,676.02,113.49
1462,1463,676.47,112.94
1463,1464,675.95,112.95
1464,1465,676.13,113.0
1465,1466,676.27,113.15
1466,1467,676.32,112.98
1467,1468,676.3,112.98
1468,1469,676.36,112.49
1469,1470,676.21,113.3
1470,1471,676.76,115.25
1471,1472,677.34,114.62
1472,1473,676.87,115.29
1473,1474,677.57,117.18
1474,1475,676.81,116.57
1475,1476,677.56,114.85
1476,1477,677.44,116.02
1477,1478,677.74,116.58
1478,1479,677.62,116.49
1479,1480,677.32,115.1
1480,1481,677.68,115.1
1481,1482,677.41,114.96
1482,1483,677.38,115.17
1483,1484,677.27,115.12
1484,1485,677.18,115.33
1485,1486,676.96,115.17
1486,1487,676.56,115.21
1487,1488,676.35,115.79
1488,1489,676.31,116.02
1489,1490,676.27,115.98
1490,1491,676.29,116.03
1491,1492,676.28,116.08
1492,1493,676.17,115.96
1493,1494,676.29,115.98
1494,1495,676.05,115.99
1495,1496,676.06,116.04
1496,1497,675.98,116.1
1497,1498,676.13,115.99
1498,1499,676.13,115.93
1499,1500,675.87,115.93
1500,1501,676.26,116.55
1501,1502,676.23,116.75
1502,1503,676.11,116.78
1503,1504,675.93,116.79
1504,1505,676.17,116.72
1505,1506,676.24,116.55
1506,1507,676.26,116.56
1507,1508,676.4,116.6
1508,1509,676.3,116.76
1509,1510,676.08,116.79
1510,1511,676.16,116.83
1511,1512,675.66,116.92
1512,1513,675.66,116.92
1513,1514,675.61,116.82
1514,1515,676.01,116.84
1515,1516,675.84,116.67
1516,1517,675.82,117.07
1517,1518,675.98,117.06
1518,1519,676.19,117.02
1519,1520,676.38,116.87
1520,1521,680.36,105.03
1521,1522,690.16,111.04
1522,1523,714.88,118.15
1523,1524,719.49,121.5
1524,1525,719.98,119.88
1525,1526,721.44,124.74
1526,1527,721.92,123.96
1527,1528,720.54,132.85
1528,1529,720.19,139.45
1529,1530,717.79,140.16
1530,1531,717.59,140.46
1531,1532,717.59,140.45
1532,1533,717.73,140.5
1533,1534,717.76,140.21
1534,1535,717.76,140.24
1535,1536,717.86,140.22
1536,1537,717.89,140.26
1537,1538,717.95,140.24
1538,1539,717.77,140.01
1539,1540,717.78,140.13
1540,1541,717.34,140.01
1541,1542,717.76,140.09
1542,1543,717.75,140.12
1543,1544,717.77,140.15
1544,1545,717.7,140.22
1545,1546,717.74,140.12
1546,1547,717.76,140.11
1547,1548,717.74,140.14
1548,1549,717.58,140.08
1549,1550,717.87,140.35
1550,1551,717.76,139.8
1551,1552,721.17,138.31
1552,1553,716.67,126.18
1553,1554,696.41,137.09
1554,1555,663.37,148.77
1555,1556,656.18,163.35
1556,1557,673.69,177.64
1557,1558,680.97,180.78
1558,1559,679.86,180.79
1559,1560,681.61,179.54
1560,1561,681.62,179.82
1561,1562,682.27,180.48
1562,1563,681.78,180.48
1563,1564,689.05,184.37
1564,1565,690.9,187.57
1565,1566,689.38,189.68
1566,1567,671.62,188.45
1567,1568,660.17,194.7
1568,1569,660.02,193.96
1569,1570,671.61,200.2
1570,1571,676.21,211.81
1571,1572,677.4,210.06
1572,1573,698.43,215.5
1573,1574,699.17,216.22
1574,1575,698.78,220.16
1575,1576,646.87,250.35
1576,1577,563.36,303.46
1577,1578,488.53,402.27
1578,1579,345.11,484.91
1579,1580,356.15,466.99
1580,1581,356.25,461.78
1581,1582,354.86,459.63
1582,1583,389.25,453.02
1583,1584,405.03,433.55
1584,1585,406.52,435.12
1585,1586,407.53,434.03
1586,1587,406.61,436.25
1587,1588,408.37,433.33
1588,1589,409.66,429.54
1589,1590,409.64,430.61
1590,1591,414.18,432.19
1591,1592,410.55,428.23
1592,1593,423.75,439.44
1593,1594,420.48,432.79
1594,1595,416.89,427.65
1595,1596,433.08,449.47
1596,1597,388.52,471.41
1597,1598,,
1598,1599,,
1599,1600,,
1600,1601,,
1601,1602,369.42,486.49
1602,1603,327.9,479.21
1603,1604,337.35,479.66
1604,1605,342.72,475.63
1605,1606,354.62,483.52
1606,1607,346.22,482.07
1607,1608,392.17,493.54
1608,1609,384.48,490.23
1609,1610,385.78,485.08
1610,1611,399.43,495.23
1611,1612,,
1612,1613,,
1613,1614,368.97,487.47
1614,1615,364.21,486.92
1615,1616,365.18,486.44
1616,1617,366.53,486.36
1617,1618,364.83,488.04
1618,1619,316.33,491.58
1619,1620,322.54,489.28
1620,1621,,
1621,1622,,
1622,1623,,
1623,1624,,
1624,1625,,
1625,1626,,
1626,1627,,
1627,1628,,
1628,1629,,
1629,1630,,
1630,1631,,
1631,1632,,
1632,1633,,
1633,1634,,
1634,1635,,
1635,1636,,
1636,1637,,
1637,1638,,
1638,1639,,
1639,1640,,
1640,1641,,
1641,1642,,
1642,1643,,
1643,1644,,
1644,1645,,
1645,1646,,
1646,1647,332.72,505.31
1647,1648,348.31,498.86
1648,1649,,
1649,1650,260.08,493.87
1650,1651,230.27,497.97
1651,1652,,
1652,1653,,
1653,1654,,
1654,1655,,
1655,1656,,
1656,1657,,
1657,1658,,
1658,1659,,
1659,1660,,
1660,1661,,
1661,1662,,
1662,1663,,
1663,1664,,
1664,1665,356.36,497.31
1665,1666,,
1666,1667,,
1667,1668,369.37,488.84
1668,1669,373.27,488.39
1669,1670,371.57,488.39
1670,1671,373.24,488.91
1671,1672,320.12,492.25
1672,1673,,
1673,1674,359.54,489.52
1674,1675,304.91,497.93
1675,1676,342.35,498.89
1676,1677,,
1677,1678,327.23,487.81
1678,1679,326.57,487.06
1679,1680,,
1680,1681,,
1681,1682,370.54,434.92
1682,1683,402.41,418.22
1683,1684,402.48,415.97
1684,1685,403.56,413.99
1685,1686,399.54,414.09
1686,1687,403.88,411.11
1687,1688,404.63,408.9
1688,1689,402.26,413.26
1689,1690,444.86,434.48
1690,1691,553.09,452.95
1691,1692,557.39,456.77
1692,1693,557.12,457.82
1693,1694,555.18,457.79
1694,1695,550.71,459.07
1695,1696,547.13,459.33
1696,1697,550.71,460.35
1697,1698,549.65,457.84
1698,1699,540.05,465.99
1699,1700,556.52,508.27
1700,1701,,
1701,1702,,
1702,1703,,
1703,1704,,
1704,1705,,
1705,1706,375.47,525.1
1706,1707,406.13,511.47
1707,1708,437.22,493.92
1708,1709,425.56,491.5
1709,1710,445.59,489.88
1710,1711,447.02,489.28
1711,1712,449.92,490.43
1712,1713,439.19,489.62
1713,1714,444.49,488.18
1714,1715,450.14,485.98
1715,1716,451.5,486.15
1716,1717,443.96,488.29
1717,1718,453.32,486.95
1718,1719,452.88,486.73
1719,1720,454.13,486.87
1720,1721,435.4,487.99
1721,1722,463.92,494.43
1722,1723,466.77,459.25
1723,1724,468.32,459.45
1724,1725,468.58,459.83
1725,1726,468.36,460.02
1726,1727,468.03,460.0
1727,1728,467.96,459.91
1728,1729,467.85,460.29
1729,1730,459.62,461.15
1730,1731,460.71,460.39
1731,1732,465.44,464.73
1732,1733,465.22,470.12
1733,1734,465.08,464.69
1734,1735,462.26,461.27
1735,1736,467.04,469.9
1736,1737,468.49,470.89
1737,1738,469.07,476.45
1738,1739,468.95,477.3
1739,1740,466.91,483.57
1740,1741,457.38,478.93
1741,1742,442.51,428.66
1742,1743,,
1743,1744,,
1744,1745,,
1745,1746,,
1746,1747,,
1747,1748,,
1748,1749,,
1749,1750,,
1750,1751,,
1751,1752,465.79,205.9
1752,1753,584.0,175.56
1753,1754,665.75,138.93
1754,1755,695.54,113.06
1755,1756,696.53,103.23
1756,1757,696.69,103.39
1757,1758,696.84,103.36
1758,1759,696.93,102.83
1759,1760,696.96,102.86
1760,1761,698.23,112.7
1761,1762,703.94,115.57
1762,1763,703.73,115.0
1763,1764,717.17,121.44
1764,1765,715.68,121.8
1765,1766,715.71,121.78
1766,1767,715.75,121.5
1767,1768,717.17,121.34
1768,1769,718.43,122.31
1769,1770,717.53,122.13
1770,1771,715.83,121.9
1771,1772,715.91,121.67
1772,1773,715.72,121.57
1773,1774,715.71,121.5
1774,1775,718.11,122.72
1775,1776,717.33,122.16
1776,1777,716.42,122.16
1777,1778,716.51,122.09
1778,1779,715.89,121.91
1779,1780,717.35,123.53
1780,1781,710.6,122.74
1781,1782,715.39,130.03
1782,1783,718.21,144.34
1783,1784,692.08,156.8
1784,1785,690.74,169.07
1785,1786,694.34,177.64
1786,1787,694.13,183.91
1787,1788,694.63,184.78
1788,1789,694.17,184.65
1789,1790,693.97,184.07
1790,1791,693.97,184.34
1791,1792,694.49,186.76
1792,1793,694.69,187.38
1793,1794,675.29,189.63
1794,1795,671.1,204.79
1795,1796,683.29,215.84
1796,1797,684.92,217.16
1797,1798,671.49,208.99
1798,1799,680.32,196.31
1799,1800,682.63,196.26
1800,1801,682.61,196.28
1801,1802,682.58,196.54
1802,1803,682.82,196.38
1803,1804,682.52,196.32
1804,1805,682.32,196.36
1805,1806,682.32,196.47
1806,1807,682.22,196.43
1807,1808,682.15,197.03
1808,1809,672.32,188.3
1809,1810,680.04,173.63
1810,1811,715.89,163.7
1811,1812,,
1812,1813,,
1813,1814,,
1814,1815,,
1815,1816,,
1816,1817,,
1817,1818,,
1818,1819,,
1819,1820,,
1820,1821,,
1821,1822,,
1822,1823,,
1823,1824,,
1824,1825,,
1825,1826,,
1826,1827,,
1827,1828,,
1828,1829,,
1829,1830,,
1830,1831,,
1831,1832,,
1832,1833,,
1833,1834,716.67,155.06
1834,1835,662.66,144.33
1835,1836,642.66,135.19
1836,1837,,
1837,1838,,
1838,1839,,
1839,1840,,
1840,1841,,
1841,1842,,
1842,1843,,
1843,1844,,
1844,1845,,
1845,1846,,
1846,1847,,
1847,1848,653.3,108.31
1848,1849,662.16,103.99
1849,1850,661.93,103.82
1850,1851,660.83,104.98
1851,1852,660.83,104.66
1852,1853,663.69,105.12
1853,1854,664.13,106.15
1854,1855,685.05,110.79
1855,1856,700.43,108.85
1856,1857,710.48,105.7
1857,1858,711.98,105.43
1858,1859,,
1859,1860,712.39,112.12
1860,1861,713.65,112.06
1861,1862,713.64,111.95
1862,1863,713.61,111.83
1863,1864,713.64,111.78
1864,1865,713.69,111.71
1865,1866,713.65,111.61
1866,1867,713.67,111.56
1867,1868,713.67,111.58
1868,1869,713.35,111.54
1869,1870,713.26,111.59
1870,1871,713.18,111.51
1871,1872,713.21,111.51
1872,1873,713.17,111.54
1873,1874,713.27,111.47
1874,1875,713.16,111.17
1875,1876,713.05,111.26
1876,1877,712.67,112.1
1877,1878,712.84,112.15
1878,1879,713.12,111.07
1879,1880,713.23,111.21
1880,1881,713.43,111.36
1881,1882,713.31,111.55
1882,1883,713.36,111.62
1883,1884,712.92,113.61
1884,1885,712.5,114.05
1885,1886,711.54,113.88
1886,1887,,
1887,1888,,
1888,1889,,
1889,1890,,
1890,1891,,
1891,1892,,
1892,1893,,
1893,1894,,
1894,1895,,
1895,1896,,
1896,1897,,
1897,1898,,
1898,1899,,
1899,1900,,
1900,1901,,
1901,1902,,
1902,1903,,
1903,1904,,
1904,1905,,
1905,1906,,
1906,1907,,
1907,1908,,
1908,1909,,
1909,1910,,
1910,1911,,
1911,1912,,
1912,1913,,
1913,1914,,
1914,1915,,
1915,1916,,
1916,1917,,
1917,1918,,
1918,1919,,
1919,1920,,
1920,1921,,
1921,1922,,
1922,1923,,
1923,1924,,
1924,1925,,
1925,1926,,
1926,1927,,
1927,1928,,
1928,1929,,
1929,1930,,
1930,1931,,
1931,1932,,
1932,1933,,
1933,1934,,
1934,1935,,
1935,1936,,
1936,1937,,
1937,1938,,
1938,1939,,
1939,1940,,
1940,1941,,
1941,1942,,
1942,1943,,
1943,1944,,
1944,1945,,
1945,1946,,
1946,1947,,
1947,1948,,
1948,1949,,
1949,1950,,
1950,1951,,
1951,1952,,
1952,1953,,
1953,1954,,
1954,1955,,
1955,1956,,
1956,1957,,
1957,1958,,
1958,1959,,
1959,1960,,
1960,1961,,
1961,1962,,
1962,1963,,
1963,1964,,
1964,1965,,
1965,1966,,
1966,1967,,
1967,1968,,
1968,1969,,
1969,1970,,
1970,1971,,
1971,1972,,
1972,1973,,
1973,1974,,
1974,1975,,
1975,1976,712.12,116.97
1976,1977,710.68,117.07
1977,1978,710.82,116.73
1978,1979,710.96,116.88
1979,1980,711.02,117.02
1980,1981,711.04,116.71
1981,1982,710.12,115.12
1982,1983,712.8,115.15
1983,1984,708.94,115.63
1984,1985,,
1985,1986,,
1986,1987,,
1987,1988,,
1988,1989,,
1989,1990,,
1990,1991,,
1991,1992,,
1992,1993,,
1993,1994,,
1994,1995,,
1995,1996,,
1996,1997,,
1997,1998,,
1998,1999,,
1999,2000,,
2000,2001,,
2001,2002,,
2002,2003,,
2003,2004,,
2004,2005,,
2005,2006,,
2006,2007,,
2007,2008,,
2008,2009,,
2009,2010,,
2010,2011,,
2011,2012,,
2012,2013,,
2013,2014,,
2014,2015,,
2015,2016,,
2016,2017,,
2017,2018,,
2018,2019,,
2019,2020,,
2020,2021,,
2021,2022,,
2022,2023,,
2023,2024,,
2024,2025,,
2025,2026,,
2026,2027,,
2027,2028,,
2028,2029,,
2029,2030,,
2030,2031,,
2031,2032,,
2032,2033,,
2033,2034,,
2034,2035,,
2035,2036,,
2036,2037,,
2037,2038,,
2038,2039,,
2039,2040,,
2040,2041,,
2041,2042,,
2042,2043,,
2043,2044,,
2044,2045,,
2045,2046,,
2046,2047,,
2047,2048,,
2048,2049,,
2049,2050,,
2050,2051,,
2051,2052,,
2052,2053,,
2053,2054,,
2054,2055,,
2055,2056,,
2056,2057,,
2057,2058,,
2058,2059,,
2059,2060,,
2060,2061,,
2061,2062,,
2062,2063,,
2063,2064,,
2064,2065,,
2065,2066,,
2066,2067,,
2067,2068,,
2068,2069,,
2069,2070,,
2070,2071,,
2071,2072,,
2072,2073,,
2073,2074,,
2074,2075,,
2075,2076,,
2076,2077,,
2077,2078,,
2078,2079,,
2079,2080,,
2080,2081,,
2081,2082,,
2082,2083,,
2083,2084,,
2084,2085,,
2085,2086,,
2086,2087,,
2087,2088,,
2088,2089,,
2089,2090,,
2090,2091,,
2091,2092,,
2092,2093,,
2093,2094,,
2094,2095,,
2095,2096,,
2096,2097,,
2097,2098,,
2098,2099,,
2099,2100,,
2100,2101,,
2101,2102,,
2102,2103,,
2103,2104,,
2104,2105,,
2105,2106,,
2106,2107,,
2107,2108,,
2108,2109,,
2109,2110,,
2110,2111,,
2111,2112,,
2112,2113,,
2113,2114,,
2114,2115,,
2115,2116,,
2116,2117,,
2117,2118,,
2118,2119,,
2119,2120,,
2120,2121,,
2121,2122,,
2122,2123,,
2123,2124,704.54,109.49
2124,2125,688.79,112.71
2125,2126,667.41,127.93
2126,2127,653.89,145.07
2127,2128,630.73,163.7
2128,2129,577.42,184.82
2129,2130,547.81,225.06
2130,2131,533.6,261.67
2131,2132,541.45,317.83
2132,2133,494.81,402.52
2133,2134,475.76,476.32
2134,2135,,
2135,2136,,
2136,2137,,
2137,2138,,
2138,2139,,
2139,2140,,
2140,2141,,
2141,2142,,
2142,2143,,
2143,2144,,
2144,2145,627.5,493.4
2145,2146,629.08,492.98
2146,2147,617.06,490.46
2147,2148,611.28,478.44
2148,2149,485.69,475.22
2149,2150,353.86,476.84
2150,2151,386.61,443.91
2151,2152,395.69,439.48
2152,2153,395.67,438.55
2153,2154,400.15,433.87
2154,2155,402.35,431.66
2155,2156,403.82,422.35
2156,2157,408.27,419.21
2157,2158,410.62,417.96
2158,2159,412.86,418.41
2159,2160,413.55,417.12
2160,2161,425.43,410.15
2161,2162,430.57,412.91
2162,2163,430.38,411.43
2163,2164,430.67,410.56
2164,2165,425.66,412.11
2165,2166,405.57,337.99
2166,2167,447.02,285.84
2167,2168,488.34,236.45
2168,2169,534.29,202.92
2169,2170,573.0,195.37
2170,2171,604.67,196.1
2171,2172,620.69,197.48
2172,2173,624.99,195.23
2173,2174,661.47,177.88
2174,2175,709.49,165.3
2175,2176,,
2176,2177,,
2177,2178,,
2178,2179,,
2179,2180,,
2180,2181,,
2181,2182,,
2182,2183,,
2183,2184,,
2184,2185,,
2185,2186,,
2186,2187,,
2187,2188,,
2188,2189,,
2189,2190,,
2190,2191,,
2191,2192,685.86,152.22
2192,2193,627.11,160.82
2193,2194,579.02,179.14
2194,2195,586.62,187.14
2195,2196,576.16,205.2
2196,2197,573.72,220.99
2197,2198,568.3,243.49
2198,2199,575.13,254.08
2199,2200,627.82,262.36
2200,2201,676.46,258.29
2201,2202,701.66,256.73
2202,2203,,
2203,2204,697.75,238.44
2204,2205,696.83,227.97
2205,2206,697.75,228.68
2206,2207,699.32,227.7
2207,2208,699.16,226.87
2208,2209,705.35,227.5
2209,2210,707.6,227.04
2210,2211,707.46,227.46
2211,2212,705.9,219.82
2212,2213,642.67,218.64
2213,2214,585.51,213.35
2214,2215,584.41,214.77
2215,2216,584.58,214.41
2216,2217,584.57,214.47
2217,2218,583.95,213.13
2218,2219,583.87,213.17
2219,2220,523.61,224.15
2220,2221,429.3,226.71
2221,2222,,
2222,2223,,
2223,2224,,
2224,2225,,
2225,2226,,
2226,2227,,
2227,2228,,
2228,2229,,
2229,2230,,
2230,2231,,
2231,2232,,
2232,2233,436.81,213.68
2233,2234,411.3,215.22
2234,2235,414.43,219.29
2235,2236,413.68,215.66
2236,2237,,
2237,2238,,
2238,2239,,
2239,2240,,
2240,2241,,
2241,2242,,
2242,2243,,
2243,2244,,
2244,2245,,
2245,2246,,
2246,2247,,
2247,2248,,
2248,2249,,
2249,2250,,
2250,2251,,
2251,2252,,
2252,2253,,
2253,2254,,
2254,2255,335.02,389.88
2255,2256,381.66,450.81
2256,2257,367.09,515.87
2257,2258,,
2258,2259,,
2259,2260,,
2260,2261,,
2261,2262,,
2262,2263,,
2263,2264,,
2264,2265,,
2265,2266,,
2266,2267,,
2267,2268,,
2268,2269,,
2269,2270,,
2270,2271,,
2271,2272,,
2272,2273,,
2273,2274,,
2274,2275,379.19,491.27
2275,2276,377.79,491.06
2276,2277,378.7,491.22
2277,2278,378.93,491.45
2278,2279,379.27,491.65
2279,2280,379.28,491.89
2280,2281,379.14,491.84
2281,2282,379.01,491.97
2282,2283,378.22,492.38
2283,2284,372.6,489.57
2284,2285,366.86,492.6
2285,2286,375.95,491.27
2286,2287,374.67,490.73
2287,2288,377.07,490.14
2288,2289,373.91,492.6
2289,2290,402.39,488.01
2290,2291,400.55,487.4
2291,2292,400.71,488.83
2292,2293,351.35,498.12
2293,2294,,
2294,2295,,
2295,2296,,
2296,2297,,
2297,2298,,
2298,2299,,
2299,2300,,
2300,2301,303.2,487.67
2301,2302,311.49,486.76
2302,2303,,
2303,2304,292.5,491.01
2304,2305,,
2305,2306,,
2306,2307,,
2307,2308,,
2308,2309,,
2309,2310,,
2310,2311,,
2311,2312,,
2312,2313,,
2313,2314,,
2314,2315,,
2315,2316,,
2316,2317,,
2317,2318,,
2318,2319,,
2319,2320,,
2320,2321,,
2321,2322,,
2322,2323,,
2323,2324,,
2324,2325,,
2325,2326,,
2326,2327,,
2327,2328,,
2328,2329,,
2329,2330,,
2330,2331,,
2331,2332,,
2332,2333,,
2333,2334,,
2334,2335,,
2335,2336,,
2336,2337,,
2337,2338,,
2338,2339,,
2339,2340,,
2340,2341,,
2341,2342,,
2342,2343,,
2343,2344,,
2344,2345,,
2345,2346,,
2346,2347,,
2347,2348,,
2348,2349,,
2349,2350,,
2350,2351,,
2351,2352,,
2352,2353,,
2353,2354,,
2354,2355,,
2355,2356,,
2356,2357,,
2357,2358,,
2358,2359,,
2359,2360,,
2360,2361,,
2361,2362,,
2362,2363,,
2363,2364,,
2364,2365,,
2365,2366,,
2366,2367,,
2367,2368,,
2368,2369,,
2369,2370,,
2370,2371,,
2371,2372,,
2372,2373,,
2373,2374,,
2374,2375,,
2375,2376,,
2376,2377,,
2377,2378,,
2378,2379,,
2379,2380,,
2380,2381,,
2381,2382,,
2382,2383,,
2383,2384,,
2384,2385,,
2385,2386,,
2386,2387,,
2387,2388,,
2388,2389,,
2389,2390,,
2390,2391,,
2391,2392,,
2392,2393,,
2393,2394,,
2394,2395,,
2395,2396,,
2396,2397,,
2397,2398,,
2398,2399,,
2399,2400,,
2400,2401,,
2401,2402,,
2402,2403,,
2403,2404,,
2404,2405,,
2405,2406,,
2406,2407,,
2407,2408,,
2408,2409,,
2409,2410,254.97,489.29
2410,2411,411.5,416.87
2411,2412,420.61,412.23
2412,2413,414.56,415.98
2413,2414,417.14,410.72
2414,2415,415.23,415.47
2415,2416,417.41,415.54
2416,2417,417.46,415.27
2417,2418,417.4,415.89
2418,2419,417.94,415.73
2419,2420,417.02,416.33
2420,2421,418.43,417.7
2421,2422,417.43,424.08
2422,2423,416.59,419.49
2423,2424,417.8,418.7
2424,2425,418.28,418.44
2425,2426,417.82,419.39
2426,2427,434.27,428.31
2427,2428,473.67,446.4
2428,2429,483.7,451.89
2429,2430,449.52,490.12
2430,2431,449.37,495.31
2431,2432,,
2432,2433,,
2433,2434,,
2434,2435,623.69,490.83
2435,2436,616.23,480.75
2436,2437,619.85,452.74
2437,2438,633.07,380.99
2438,2439,629.44,350.47
2439,2440,611.86,293.37
2440,2441,589.74,236.07
2441,2442,576.52,200.76
2442,2443,606.0,170.66
2443,2444,645.6,150.0
2444,2445,663.46,132.38
2445,2446,691.79,124.68
2446,2447,699.71,125.83
2447,2448,702.04,125.56
2448,2449,706.8,118.66
2449,2450,707.53,118.58
2450,2451,707.55,118.28
2451,2452,707.39,117.9
2452,2453,707.3,118.08
2453,2454,707.25,117.98
2454,2455,707.17,117.83
2455,2456,707.08,117.72
2456,2457,707.98,120.53
2457,2458,704.81,113.62
2458,2459,690.04,109.53
2459,2460,684.87,108.25
2460,2461,686.7,107.9
2461,2462,682.61,106.85
2462,2463,685.52,107.18
2463,2464,686.37,111.2
2464,2465,685.52,111.8
2465,2466,685.1,111.2
2466,2467,684.4,112.16
2467,2468,684.6,113.14
2468,2469,685.2,112.85
2469,2470,685.41,112.99
2470,2471,685.01,113.02
2471,2472,684.73,113.09
2472,2473,684.34,113.65
2473,2474,684.0,114.16
2474,2475,683.78,113.19
2475,2476,683.54,113.33
2476,2477,682.84,114.14
2477,2478,683.43,114.97
2478,2479,683.63,114.78
2479,2480,683.5,114.35
2480,2481,683.96,114.53
2481,2482,683.68,114.46
2482,2483,683.68,114.34
2483,2484,683.67,114.11
2484,2485,683.28,114.18
2485,2486,683.47,114.36
2486,2487,683.72,114.35
2487,2488,684.15,114.23
2488,2489,684.18,114.24
2489,2490,684.09,114.15
2490,2491,686.99,113.95
2491,2492,687.0,114.45
2492,2493,687.04,114.5
2493,2494,686.74,114.23
2494,2495,686.86,114.19
2495,2496,686.71,114.13
2496,2497,686.85,113.98
2497,2498,686.75,114.15
2498,2499,686.86,113.64
2499,2500,686.8,114.22
2500,2501,686.68,113.38
2501,2502,686.48,113.35
2502,2503,686.8,113.22
2503,2504,686.62,113.11
2504,2505,686.04,112.94
2505,2506,686.8,113.07
2506,2507,686.05,115.62
2507,2508,685.85,115.21
2508,2509,686.07,115.24
2509,2510,685.94,115.27
2510,2511,685.86,114.88
2511,2512,685.58,114.92
2512,2513,685.82,114.43
2513,2514,685.79,114.45
2514,2515,686.01,114.52
2515,2516,685.9,114.59
2516,2517,685.9,114.47
2517,2518,685.9,114.57
2518,2519,685.96,114.2
2519,2520,686.02,114.19
2520,2521,686.05,114.41
2521,2522,685.92,114.19
2522,2523,686.37,114.17
2523,2524,685.66,113.96
2524,2525,687.11,114.94
2525,2526,687.27,114.96
2526,2527,687.28,114.79
2527,2528,686.79,114.76
2528,2529,686.74,115.24
2529,2530,687.12,115.37
2530,2531,687.08,115.24
2531,2532,687.09,115.2
2532,2533,687.11,115.14
2533,2534,687.06,115.23
2534,2535,687.01,115.12
2535,2536,687.06,115.15
2536,2537,687.03,115.24
2537,2538,687.15,115.11
2538,2539,687.44,115.11
2539,2540,687.31,114.94
2540,2541,687.22,114.93
2541,2542,687.29,114.83
2542,2543,687.42,114.94
2543,2544,687.63,114.4
2544,2545,687.49,114.36
2545,2546,687.67,114.1
2546,2547,687.81,114.15
2547,2548,687.68,114.19
2548,2549,687.43,113.55
2549,2550,685.47,116.29
2550,2551,684.28,116.81
2551,2552,684.68,116.65
2552,2553,684.22,116.49
2553,2554,684.1,116.64
2554,2555,684.44,116.63
2555,2556,684.45,116.46
2556,2557,684.58,116.36
2557,2558,685.38,116.26
2558,2559,685.22,116.16
2559,2560,685.21,116.28
2560,2561,685.17,116.07
2561,2562,685.29,115.85
2562,2563,685.53,115.93
2563,2564,685.77,115.84
2564,2565,685.9,115.88
2565,2566,685.16,116.01
2566,2567,,
2567,2568,685.88,115.86
2568,2569,686.12,115.95
2569,2570,686.24,116.0
2570,2571,,
2571,2572,,
2572,2573,,
2573,2574,,
2574,2575,,
2575,2576,,
2576,2577,686.77,115.29
2577,2578,687.44,115.88
2578,2579,687.58,116.84
2579,2580,687.88,116.88
2580,2581,686.05,117.11
2581,2582,685.95,117.12
2582,2583,685.93,117.11
2583,2584,685.81,117.38
2584,2585,685.79,117.21
2585,2586,685.81,117.24
2586,2587,685.84,117.14
2587,2588,685.77,117.06
2588,2589,685.92,117.25
2589,2590,686.11,117.25
2590,2591,686.03,117.24
2591,2592,685.82,117.12
2592,2593,685.87,117.12
2593,2594,685.86,117.09
2594,2595,686.09,117.11
2595,2596,686.41,117.17
2596,2597,686.39,117.21
2597,2598,686.39,117.21
2598,2599,686.49,117.23
2599,2600,686.48,117.19
2600,2601,686.49,117.2
2601,2602,686.45,117.18
2602,2603,686.43,117.17
2603,2604,686.43,117.16
2604,2605,686.48,117.23
2605,2606,686.37,117.23
2606,2607,686.34,117.33
2607,2608,686.34,117.21
2608,2609,686.41,117.22
2609,2610,686.34,117.22
2610,2611,686.15,116.79
2611,2612,686.0,117.19
2612,2613,686.34,117.36
2613,2614,686.25,117.37
2614,2615,686.24,117.34
2615,2616,686.25,117.34
2616,2617,686.19,117.34
2617,2618,686.18,117.34
2618,2619,686.11,117.34
2619,2620,685.98,117.37
2620,2621,686.0,117.41
2621,2622,686.0,117.37
2622,2623,686.24,117.22
2623,2624,686.29,117.15
2624,2625,686.42,117.21
2625,2626,686.44,117.12
2626,2627,686.4,117.11
2627,2628,686.44,117.11
2628,2629,686.36,117.08
2629,2630,686.36,117.1
2630,2631,686.35,116.98
2631,2632,686.62,116.99
2632,2633,686.25,117.09
2633,2634,686.76,117.38
2634,2635,687.24,117.1
2635,2636,687.77,117.21
2636,2637,687.63,117.28
2637,2638,687.63,117.31
2638,2639,687.51,117.3
2639,2640,687.55,117.28
2640,2641,686.78,117.31
2641,2642,687.01,115.22
2642,2643,686.55,116.35
2643,2644,686.01,116.35
2644,2645,686.63,116.46
2645,2646,685.5,116.87
2646,2647,,
2647,2648,,
2648,2649,,
2649,2650,684.21,119.22
2650,2651,684.21,119.16
2651,2652,684.28,119.18
2652,2653,684.23,119.41
2653,2654,,
2654,2655,,
2655,2656,,
2656,2657,,
2657,2658,,
2658,2659,,
2659,2660,,
2660,2661,,
2661,2662,,
2662,2663,,
2663,2664,,
2664,2665,,
2665,2666,,
2666,2667,,
2667,2668,,
2668,2669,,
2669,2670,684.47,119.75
2670,2671,,
2671,2672,,
2672,2673,,
2673,2674,,
2674,2675,,
2675,2676,,
2676,2677,,
2677,2678,682.29,115.9
2678,2679,681.4,106.28
2679,2680,681.41,105.67
2680,2681,681.56,105.46
2681,2682,675.01,109.3
2682,2683,675.7,109.31
2683,2684,675.72,108.64
2684,2685,674.14,111.39
2685,2686,673.62,110.49
2686,2687,673.67,115.4
2687,2688,674.35,117.32
2688,2689,674.25,117.01
2689,2690,674.63,117.39
2690,2691,674.52,117.51
2691,2692,674.67,117.66
2692,2693,674.68,117.67
2693,2694,674.63,117.68
2694,2695,674.61,117.71
2695,2696,674.5,117.55
2696,2697,674.37,117.28
2697,2698,674.45,117.5
2698,2699,674.39,117.58
2699,2700,674.41,117.54
2700,2701,674.74,118.21
2701,2702,675.03,118.22
2702,2703,675.19,118.38
2703,2704,674.89,118.4
2704,2705,674.97,118.38
2705,2706,675.02,118.25
2706,2707,675.19,118.47
2707,2708,675.06,118.42
2708,2709,675.06,118.39
2709,2710,675.08,118.39
2710,2711,675.03,118.16
2711,2712,675.14,118.38
2712,2713,674.9,118.31
2713,2714,674.93,118.22
2714,2715,674.8,118.23
2715,2716,674.85,118.34
2716,2717,674.8,118.52
2717,2718,674.97,118.52
2718,2719,674.35,112.83
2719,2720,673.65,111.23
2720,2721,673.43,111.28
2721,2722,673.48,111.42
2722,2723,673.46,111.39
2723,2724,673.42,111.56
2724,2725,673.36,111.48
2725,2726,673.39,111.36
2726,2727,673.27,111.33
2727,2728,673.11,111.16
2728,2729,673.21,111.35
2729,2730,673.21,111.33
2730,2731,674.45,111.4
2731,2732,675.0,112.86
2732,2733,,
2733,2734,675.01,115.6
2734,2735,,
2735,2736,674.2,116.72
2736,2737,674.5,117.47
2737,2738,674.92,117.29
2738,2739,674.97,117.24
2739,2740,674.7,116.92
2740,2741,674.41,117.0
2741,2742,674.66,117.0
2742,2743,674.56,116.96
2743,2744,674.89,117.22
2744,2745,674.48,117.33
2745,2746,673.18,116.49
2746,2747,674.26,111.33
2747,2748,676.27,113.64
2748,2749,677.22,113.55
2749,2750,677.22,114.67
2750,2751,677.42,115.09
2751,2752,677.41,115.57
2752,2753,677.31,115.59
2753,2754,676.73,115.35
2754,2755,676.53,115.23
2755,2756,676.71,115.18
2756,2757,676.79,115.32
2757,2758,676.98,115.34
2758,2759,677.2,115.44
2759,2760,677.23,115.5
2760,2761,678.17,115.31
2761,2762,677.73,115.27
2762,2763,677.87,115.26
2763,2764,677.64,115.33
2764,2765,677.55,115.15
2765,2766,677.55,115.06
2766,2767,677.05,115.01
2767,2768,678.06,115.29
2768,2769,677.98,115.35
2769,2770,677.94,115.36
2770,2771,677.9,115.23
2771,2772,677.8,115.31
2772,2773,678.03,115.43
2773,2774,677.82,115.25
2774,2775,678.21,115.48
2775,2776,678.18,115.59
2776,2777,678.1,115.48
2777,2778,678.02,115.4
2778,2779,678.11,115.39
2779,2780,678.1,115.4
2780,2781,678.08,115.36
2781,2782,677.81,115.38
2782,2783,677.93,115.27
2783,2784,678.13,115.31
2784,2785,678.15,115.41
2785,2786,678.15,115.26
2786,2787,677.99,115.48
2787,2788,678.69,115.81
2788,2789,678.44,115.64
2789,2790,678.66,115.53
2790,2791,678.86,115.21
2791,2792,678.91,115.22
2792,2793,678.93,115.15
2793,2794,678.49,115.17
2794,2795,678.48,115.15
2795,2796,678.47,115.17
2796,2797,678.54,115.3
2797,2798,678.9,115.22
2798,2799,678.75,115.54
2799,2800,678.59,115.55
2800,2801,678.96,115.47
2801,2802,679.04,115.5
2802,2803,678.98,115.37
2803,2804,678.81,115.4
2804,2805,679.06,115.32
2805,2806,678.94,115.45
2806,2807,678.98,115.42
2807,2808,678.69,115.53
2808,2809,678.73,115.82
2809,2810,678.98,115.92
2810,2811,677.44,105.3
2811,2812,674.94,112.47
2812,2813,679.9,113.14
2813,2814,691.94,115.06
2814,2815,713.09,119.77
2815,2816,718.23,123.43
2816,2817,720.96,126.45
2817,2818,721.86,132.15
2818,2819,716.45,138.24
2819,2820,715.96,138.18
2820,2821,715.69,138.83
2821,2822,715.65,138.97
2822,2823,715.83,138.84
2823,2824,715.81,138.76
2824,2825,716.02,138.73
2825,2826,716.03,138.78
2826,2827,716.05,138.86
2827,2828,716.09,138.93
2828,2829,715.71,138.8
2829,2830,715.73,138.81
2830,2831,715.68,138.8
2831,2832,715.6,138.76
2832,2833,715.59,138.76
2833,2834,715.66,138.69
2834,2835,715.58,138.75
2835,2836,715.59,138.75
2836,2837,715.59,138.74
2837,2838,715.58,138.74
2838,2839,715.59,138.75
2839,2840,715.59,138.7
2840,2841,715.58,138.7
2841,2842,715.57,138.7
2842,2843,715.57,138.71
2843,2844,715.59,138.72
2844,2845,715.58,138.72
2845,2846,715.58,138.72
2846,2847,715.57,138.72
2847,2848,715.56,138.72
2848,2849,715.57,138.72
2849,2850,715.56,138.71
2850,2851,714.99,138.66
2851,2852,714.98,138.63
2852,2853,714.98,138.59
2853,2854,714.93,138.6
2854,2855,714.87,138.65
2855,2856,714.84,138.61
2856,2857,714.93,138.64
2857,2858,714.97,138.63
2858,2859,714.98,138.62
2859,2860,714.86,138.68
2860,2861,714.86,138.68
2861,2862,714.86,138.8
2862,2863,714.85,138.78
2863,2864,714.97,138.75
2864,2865,714.87,138.9
2865,2866,714.87,138.91
2866,2867,714.87,138.91
2867,2868,714.83,138.77
2868,2869,714.85,138.75
2869,2870,714.9,138.79
2870,2871,714.89,138.82
2871,2872,714.75,138.81
2872,2873,714.58,139.07
2873,2874,714.78,139.0
2874,2875,714.88,138.98
2875,2876,715.51,139.41
2876,2877,715.6,139.11
2877,2878,716.56,138.79
2878,2879,719.75,126.17
2879,2880,706.0,131.82
2880,2881,699.39,136.28
2881,2882,695.26,146.51
2882,2883,690.6,150.57
2883,2884,686.07,152.83
2884,2885,687.37,152.69
2885,2886,704.04,151.67
2886,2887,713.63,159.94
2887,2888,,
2888,2889,,
2889,2890,,
2890,2891,,
2891,2892,,
2892,2893,,
2893,2894,,
2894,2895,,
2895,2896,,
2896,2897,,
2897,2898,,
2898,2899,,
2899,2900,,
2900,2901,,
2901,2902,,
2902,2903,,
2903,2904,,
2904,2905,,
2905,2906,,
2906,2907,,
2907,2908,,
2908,2909,,
2909,2910,,
2910,2911,,
2911,2912,,
2912,2913,,
2913,2914,,
2914,2915,,
2915,2916,,
2916,2917,,
2917,2918,,
2918,2919,,
2919,2920,,
2920,2921,,
2921,2922,,
2922,2923,,
2923,2924,,
2924,2925,,
2925,2926,,
2926,2927,,
2927,2928,,
2928,2929,,
2929,2930,,
2930,2931,698.34,160.8
2931,2932,661.07,155.6
2932,2933,659.84,153.45
2933,2934,659.93,153.32
2934,2935,659.7,157.81
2935,2936,611.24,172.54
2936,2937,572.6,191.76
2937,2938,547.51,212.13
2938,2939,537.11,252.42
2939,2940,504.5,363.75
2940,2941,371.39,484.31
2941,2942,375.4,464.14
2942,2943,380.63,459.23
2943,2944,380.07,454.5
2944,2945,383.16,449.94
2945,2946,401.88,433.16
2946,2947,404.09,432.09
2947,2948,403.05,430.94
2948,2949,412.16,431.9
2949,2950,418.37,430.54
2950,2951,413.58,428.81
2951,2952,420.49,426.82
2952,2953,421.91,426.52
2953,2954,420.81,428.09
2954,2955,427.63,428.56
2955,2956,426.21,423.56
2956,2957,427.8,422.95
2957,2958,429.23,421.94
2958,2959,428.89,422.72
2959,2960,431.29,426.55
2960,2961,429.82,422.74
2961,2962,432.6,428.08
2962,2963,431.26,427.25
2963,2964,433.32,426.57
2964,2965,452.18,463.14
2965,2966,419.09,490.49
2966,2967,,
2967,2968,,
2968,2969,,
2969,2970,,
2970,2971,,
2971,2972,,
2972,2973,,
2973,2974,,
2974,2975,,
2975,2976,,
2976,2977,,
2977,2978,,
2978,2979,,
2979,2980,,
2980,2981,,
2981,2982,,
2982,2983,,
2983,2984,,
2984,2985,,
2985,2986,,
2986,2987,,
2987,2988,,
2988,2989,,
2989,2990,,
2990,2991,,
2991,2992,,
2992,2993,,
2993,2994,,
2994,2995,,
2995,2996,,
2996,2997,,
2997,2998,,
2998,2999,,
2999,3000,,
3000,3001,,
3001,3002,,
3002,3003,,
3003,3004,,
3004,3005,,
3005,3006,,
3006,3007,,
3007,3008,,
3008,3009,,
3009,3010,,
3010,3011,,
3011,3012,,
3012,3013,,
3013,3014,,
3014,3015,,
3015,3016,,
3016,3017,,
3017,3018,,
3018,3019,,
3019,3020,,
3020,3021,,
3021,3022,,
3022,3023,,
3023,3024,,
3024,3025,,
3025,3026,,
3026,3027,,
3027,3028,,
3028,3029,,
3029,3030,,
3030,3031,,
3031,3032,,
3032,3033,,
3033,3034,,
3034,3035,,
3035,3036,,
3036,3037,,
3037,3038,,
3038,3039,,
3039,3040,,
3040,3041,,
3041,3042,,
3042,3043,,
3043,3044,,
3044,3045,,
3045,3046,,
3046,3047,,
3047,3048,,
3048,3049,,
3049,3050,,
3050,3051,,
3051,3052,,
3052,3053,,
3053,3054,,
3054,3055,,
3055,3056,,
3056,3057,,
3057,3058,,
3058,3059,,
3059,3060,,
3060,3061,,
3061,3062,,
3062,3063,,
3063,3064,,
3064,3065,,
3065,3066,,
3066,3067,,
3067,3068,,
3068,3069,,
3069,3070,,
3070,3071,,
3071,3072,,
3072,3073,,
3073,3074,,
3074,3075,,
3075,3076,,
3076,3077,,
3077,3078,,
3078,3079,,
3079,3080,,
3080,3081,,
3081,3082,,
3082,3083,,
3083,3084,,
3084,3085,,
3085,3086,,
3086,3087,,
3087,3088,,
3088,3089,,
3089,3090,,
3090,3091,,
3091,3092,,
3092,3093,,
3093,3094,,
3094,3095,,
3095,3096,,
3096,3097,,
3097,3098,,
3098,3099,,
3099,3100,,
3100,3101,,
3101,3102,,
3102,3103,,
3103,3104,,
3104,3105,,
3105,3106,,
3106,3107,,
3107,3108,,
3108,3109,,
3109,3110,,
3110,3111,,
3111,3112,,
3112,3113,,
3113,3114,,
3114,3115,,
3115,3116,,
3116,3117,,
3117,3118,302.19,484.65
3118,3119,295.52,487.23
3119,3120,272.69,490.17
3120,3121,,
3121,3122,,
3122,3123,,
3123,3124,,
3124,3125,382.57,486.45
3125,3126,366.31,487.41
3126,3127,318.15,488.65
3127,3128,370.92,490.46
3128,3129,387.15,498.0
3129,3130,330.04,484.64
3130,3131,341.93,477.84
3131,3132,334.14,484.13
3132,3133,333.01,484.46
3133,3134,,
3134,3135,,
3135,3136,,
3136,3137,,
3137,3138,,
3138,3139,,
3139,3140,,
3140,3141,529.24,450.99
3141,3142,549.28,434.58
3142,3143,549.33,434.69
3143,3144,538.97,439.68
3144,3145,540.66,439.15
3145,3146,540.37,438.72
3146,3147,541.89,449.58
3147,3148,612.5,378.29
3148,3149,619.3,310.7
3149,3150,668.24,262.96
3150,3151,646.7,224.95
3151,3152,617.23,188.05
3152,3153,631.65,170.1
3153,3154,645.29,146.24
3154,3155,640.94,134.26
3155,3156,,
3156,3157,654.2,111.41
3157,3158,672.97,101.4
3158,3159,673.24,100.72
3159,3160,673.29,100.72
3160,3161,673.18,100.61
3161,3162,673.09,100.13
3162,3163,673.04,100.33
3163,3164,673.04,99.93
3164,3165,672.94,100.06
3165,3166,673.24,99.97
3166,3167,673.18,100.09
3167,3168,673.26,100.02
3168,3169,673.26,99.99
3169,3170,673.31,99.98
3170,3171,673.28,100.03
3171,3172,673.34,99.85
3172,3173,673.33,99.86
3173,3174,673.49,99.68
3174,3175,673.43,99.71
3175,3176,673.48,99.85
3176,3177,699.53,107.99
3177,3178,707.54,107.98
3178,3179,706.69,111.64
3179,3180,707.56,113.39
3180,3181,707.08,111.68
3181,3182,706.91,111.78
3182,3183,706.7,112.05
3183,3184,707.01,111.99
3184,3185,707.14,112.05
3185,3186,707.13,112.13
3186,3187,707.04,112.09
3187,3188,707.04,112.23
3188,3189,707.08,112.24
3189,3190,707.02,112.0
3190,3191,706.97,112.07
3191,3192,707.02,111.99
3192,3193,706.96,112.03
3193,3194,706.97,111.99
3194,3195,707.13,111.78
3195,3196,707.14,111.8
3196,3197,707.16,111.78
3197,3198,707.23,111.64
3198,3199,707.22,111.71
3199,3200,707.26,111.72
3200,3201,707.19,111.76
3201,3202,707.26,111.83
3202,3203,707.22,111.77
3203,3204,707.3,111.79
3204,3205,707.21,111.8
3205,3206,707.33,111.72
3206,3207,707.32,111.71
3207,3208,707.34,111.78
3208,3209,707.18,111.96
3209,3210,706.85,113.86
3210,3211,706.56,114.24
3211,3212,706.46,114.05
3212,3213,706.46,113.95
3213,3214,706.09,113.86
3214,3215,706.06,113.72
3215,3216,706.06,113.56
3216,3217,706.9,112.7
3217,3218,707.04,112.88
3218,3219,707.03,112.97
3219,3220,706.93,112.95
3220,3221,706.74,112.8
3221,3222,706.73,113.03
3222,3223,706.13,113.65
3223,3224,706.95,112.65
3224,3225,706.38,113.24
3225,3226,707.22,112.67
3226,3227,707.21,112.55
3227,3228,707.16,112.65
3228,3229,707.16,112.31
3229,3230,706.68,113.23
3230,3231,707.42,114.43
3231,3232,,
3232,3233,,
3233,3234,,
3234,3235,,
3235,3236,706.99,114.68
3236,3237,705.77,115.58
3237,3238,705.98,115.46
3238,3239,706.07,115.11
3239,3240,706.07,115.11
3240,3241,705.2,115.31
3241,3242,705.39,114.95
3242,3243,706.25,114.88
3243,3244,706.28,114.97
3244,3245,706.22,114.84
3245,3246,706.27,114.97
3246,3247,706.33,115.04
3247,3248,706.41,114.79
3248,3249,706.42,114.72
3249,3250,706.3,114.72
3250,3251,706.29,114.43
3251,3252,705.27,114.45
3252,3253,706.17,115.23
3253,3254,,
3254,3255,706.13,115.5
3255,3256,706.57,115.37
3256,3257,706.52,114.96
3257,3258,705.66,115.06
3258,3259,705.42,114.94
3259,3260,706.47,115.16
3260,3261,705.53,114.99
3261,3262,706.19,114.94
3262,3263,706.31,115.05
3263,3264,706.22,115.0
3264,3265,705.21,114.9
3265,3266,705.16,114.45
3266,3267,705.29,114.49
3267,3268,705.31,114.48
3268,3269,705.23,114.48
3269,3270,705.3,114.32
3270,3271,706.77,113.87
3271,3272,706.62,113.51
3272,3273,706.57,113.5
3273,3274,706.64,113.46
3274,3275,706.46,113.31
3275,3276,706.7,115.25
3276,3277,708.9,112.95
3277,3278,702.5,117.33
3278,3279,699.05,119.43
3279,3280,699.29,119.81
3280,3281,699.48,119.58
3281,3282,699.71,119.86
3282,3283,699.41,120.03
3283,3284,699.32,119.79
3284,3285,699.29,120.0
3285,3286,699.3,120.03
3286,3287,699.17,120.15
3287,3288,699.07,119.98
3288,3289,699.18,119.97
3289,3290,699.24,120.09
3290,3291,699.47,120.2
3291,3292,699.38,120.34
3292,3293,698.21,116.93
3293,3294,697.77,116.16
3294,3295,697.79,116.26
3295,3296,697.67,115.57
3296,3297,697.93,115.13
3297,3298,696.34,115.37
3298,3299,696.31,115.15
3299,3300,696.2,114.85
3300,3301,695.3,115.81
3301,3302,695.26,115.77
3302,3303,695.27,115.77
3303,3304,696.93,115.78
3304,3305,694.91,119.27
3305,3306,694.95,119.12
3306,3307,694.77,119.42
3307,3308,694.7,119.45
3308,3309,694.84,119.33
3309,3310,694.79,119.42
3310,3311,694.86,119.06
3311,3312,694.78,119.15
3312,3313,694.9,118.86
3313,3314,694.99,119.18
3314,3315,695.01,119.22
3315,3316,695.01,119.23
3316,3317,695.18,119.52
3317,3318,695.24,119.43
3318,3319,695.21,119.49
3319,3320,695.21,119.57
3320,3321,695.22,119.66
3321,3322,695.17,119.65
3322,3323,695.17,119.59
3323,3324,695.07,119.73
3324,3325,695.05,119.78
3325,3326,695.06,119.85
3326,3327,695.16,119.85
3327,3328,695.01,119.94
3328,3329,694.81,120.1
3329,3330,694.7,120.17
3330,3331,696.08,118.57
3331,3332,695.9,117.9
3332,3333,695.78,118.11
3333,3334,695.77,118.3
3334,3335,695.66,118.39
3335,3336,700.74,114.53
3336,3337,703.09,111.27
3337,3338,702.9,111.13
3338,3339,702.52,110.98
3339,3340,702.59,110.98
3340,3341,702.53,110.96
3341,3342,702.14,111.0
3342,3343,702.2,110.92
3343,3344,702.17,110.87
3344,3345,702.17,110.9
3345,3346,702.19,110.8
3346,3347,702.2,110.71
3347,3348,702.35,110.73
3348,3349,702.62,110.85
3349,3350,702.71,110.98
3350,3351,702.68,110.98
3351,3352,702.72,111.22
3352,3353,702.68,111.39
3353,3354,702.69,111.33
3354,3355,702.64,111.34
3355,3356,702.79,111.23
3356,3357,702.78,111.22
3357,3358,703.1,111.37
3358,3359,703.0,111.28
3359,3360,702.63,111.25
3360,3361,702.89,111.96
3361,3362,702.82,111.88
3362,3363,702.86,111.84
3363,3364,702.84,111.82
3364,3365,702.83,111.85
3365,3366,702.53,111.78
3366,3367,702.53,111.78
3367,3368,702.55,111.84
3368,3369,702.55,111.84
3369,3370,702.56,111.85
3370,3371,704.0,113.35
3371,3372,704.06,113.19
3372,3373,704.14,112.82
3373,3374,704.04,112.72
3374,3375,704.17,112.57
3375,3376,704.09,112.52
3376,3377,702.58,112.63
3377,3378,702.74,112.75
3378,3379,702.69,112.67
3379,3380,702.71,112.38
3380,3381,703.09,112.78
3381,3382,702.65,112.23
3382,3383,702.58,112.25
3383,3384,702.86,112.24
3384,3385,702.73,112.32
3385,3386,702.74,112.29
3386,3387,702.74,112.26
3387,3388,702.74,112.29
3388,3389,702.69,112.28
3389,3390,702.61,112.17
3390,3391,702.93,112.28
3391,3392,703.0,112.37
3392,3393,702.57,112.07
3393,3394,702.65,112.31
3394,3395,702.66,112.17
3395,3396,702.65,112.18
3396,3397,702.27,112.28
3397,3398,702.66,112.09
3398,3399,702.32,112.27
3399,3400,702.71,112.34
3400,3401,702.65,112.15
3401,3402,702.67,112.07
3402,3403,705.38,104.74
3403,3404,697.6,112.29
3404,3405,703.36,113.58
3405,3406,719.47,121.38
3406,3407,720.63,127.85
3407,3408,722.84,134.67
3408,3409,722.47,136.28
3409,3410,722.52,136.53
3410,3411,722.11,136.46
3411,3412,721.56,136.73
3412,3413,718.91,136.73
3413,3414,718.96,136.75
3414,3415,718.71,136.73
3415,3416,718.78,136.7
3416,3417,718.8,136.7
3417,3418,718.85,136.64
3418,3419,718.76,136.65
3419,3420,718.65,136.73
3420,3421,719.66,137.12
3421,3422,719.57,137.05
3422,3423,719.52,136.98
3423,3424,719.57,136.99
3424,3425,719.48,137.04
3425,3426,719.45,136.98
3426,3427,719.43,136.98
3427,3428,719.5,136.97
3428,3429,719.52,136.94
3429,3430,719.47,137.04
3430,3431,719.48,137.03
3431,3432,719.45,137.02
3432,3433,719.43,137.03
3433,3434,719.45,137.01
3434,3435,719.43,136.95
3435,3436,719.44,136.95
3436,3437,719.4,136.99
3437,3438,719.47,137.02
3438,3439,719.47,137.16
3439,3440,719.59,137.0
3440,3441,719.54,136.96
3441,3442,719.51,137.09
3442,3443,719.5,137.11
3443,3444,719.51,137.11
3444,3445,719.52,137.02
3445,3446,719.5,137.03
3446,3447,719.5,137.03
3447,3448,719.51,137.04
3448,3449,719.52,137.04
3449,3450,719.47,137.09
3450,3451,719.92,136.85
3451,3452,719.79,136.91
3452,3453,719.48,136.92
3453,3454,719.57,136.92
3454,3455,719.47,136.91
3455,3456,719.47,136.92
3456,3457,719.47,136.83
3457,3458,719.44,136.83
3458,3459,719.41,136.8
3459,3460,719.37,136.81
3460,3461,719.42,136.81
3461,3462,719.5,136.79
3462,3463,719.48,136.79
3463,3464,719.48,136.79
3464,3465,719.6,136.84
3465,3466,719.6,136.85
3466,3467,719.62,136.86
3467,3468,719.63,136.86
3468,3469,719.63,136.9
3469,3470,719.59,136.93
3470,3471,719.56,136.94
3471,3472,719.55,136.93
3472,3473,719.59,136.99
3473,3474,719.64,137.01
3474,3475,719.64,137.03
3475,3476,719.64,137.02
3476,3477,719.55,137.01
3477,3478,719.55,137.02
3478,3479,719.53,137.01
3479,3480,719.52,137.0
3480,3481,719.29,137.1
3481,3482,719.39,137.24
3482,3483,719.42,137.23
3483,3484,719.49,137.33
3484,3485,719.47,137.4
3485,3486,719.41,137.32
3486,3487,719.36,137.35
3487,3488,719.34,137.36
3488,3489,719.39,137.48
3489,3490,719.31,137.45
3490,3491,719.34,137.39
3491,3492,719.31,137.33
3492,3493,719.3,137.35
3493,3494,719.43,137.39
3494,3495,719.39,137.38
3495,3496,719.39,137.38
3496,3497,719.44,137.43
3497,3498,719.43,137.44
3498,3499,719.42,137.4
3499,3500,719.36,137.39
3500,3501,719.42,137.41
3501,3502,719.4,137.4
3502,3503,719.41,137.4
3503,3504,719.4,137.36
3504,3505,719.38,137.33
3505,3506,719.47,137.4
3506,3507,719.38,137.38
3507,3508,719.39,137.38
3508,3509,719.38,137.38
3509,3510,719.41,137.42
3510,3511,718.67,137.31
3511,3512,718.69,137.35
3512,3513,718.7,137.28
3513,3514,718.93,137.26
3514,3515,718.83,137.41
3515,3516,718.83,137.35
3516,3517,718.72,137.32
3517,3518,718.71,137.34
3518,3519,718.72,137.33
3519,3520,718.75,137.32
3520,3521,718.83,137.37
3521,3522,718.81,137.35
3522,3523,718.78,137.33
3523,3524,718.85,137.34
3524,3525,718.84,137.34
3525,3526,718.83,137.33
3526,3527,718.87,137.32
3527,3528,718.88,137.37
3528,3529,718.79,137.23
3529,3530,718.79,137.22
3530,3531,718.81,137.29
3531,3532,719.09,137.36
3532,3533,719.09,137.39
3533,3534,719.08,137.39
3534,3535,719.12,137.37
3535,3536,719.09,137.29
3536,3537,719.1,137.31
3537,3538,719.1,137.33
3538,3539,719.21,137.28
3539,3540,719.25,137.29
3540,3541,719.01,137.37
3541,3542,718.67,137.39
3542,3543,718.62,137.52
3543,3544,718.58,137.73
3544,3545,718.7,137.55
3545,3546,717.36,138.51
3546,3547,717.98,138.48
3547,3548,717.85,137.66
3548,3549,717.63,137.71
3549,3550,717.69,137.16
3550,3551,717.83,137.25
3551,3552,717.14,137.8
3552,3553,717.24,137.78
3553,3554,717.36,137.91
3554,3555,717.64,137.92
3555,3556,717.66,137.72
3556,3557,717.5,138.22
3557,3558,717.71,137.48
3558,3559,717.65,137.51
3559,3560,717.86,137.49
3560,3561,717.91,137.65
3561,3562,718.23,137.5
3562,3563,718.43,137.38
3563,3564,718.47,137.33
3564,3565,718.61,137.27
3565,3566,718.28,137.12
3566,3567,718.27,137.25
3567,3568,718.27,137.46
3568,3569,718.11,137.67
3569,3570,718.27,137.68
3570,3571,718.99,137.26
3571,3572,718.94,137.08
3572,3573,718.85,136.99
3573,3574,718.86,137.03
3574,3575,718.91,137.0
3575,3576,719.1,137.0
3576,3577,719.01,137.05
3577,3578,718.92,136.95
3578,3579,719.07,136.95
3579,3580,719.12,136.98
3580,3581,719.1,136.83
3581,3582,718.95,136.8
3582,3583,719.16,136.69
3583,3584,719.0,136.82
3584,3585,719.22,136.74
3585,3586,719.27,136.74
3586,3587,719.16,136.91
3587,3588,719.17,136.9
3588,3589,719.2,136.86
3589,3590,719.16,136.88
3590,3591,719.13,136.89
3591,3592,719.12,136.87
3592,3593,718.79,136.68
3593,3594,720.56,129.99
3594,3595,720.56,130.05
3595,3596,720.52,129.85
3596,3597,720.18,129.84
3597,3598,720.89,129.64
3598,3599,720.79,129.89
3599,3600,720.74,129.66
3600,3601,719.87,130.09
3601,3602,720.03,130.01
3602,3603,720.01,129.79
3603,3604,720.54,129.75
3604,3605,720.6,129.78
3605,3606,720.58,129.83
3606,3607,720.2,129.69
3607,3608,720.19,129.68
3608,3609,720.16,129.42
3609,3610,720.0,129.46
3610,3611,718.51,129.52
3611,3612,718.28,131.38
3612,3613,717.98,130.74
3613,3614,717.93,130.91
3614,3615,717.88,131.07
3615,3616,718.26,130.91
3616,3617,718.36,130.71
3617,3618,723.15,128.23
3618,3619,722.61,133.51
3619,3620,720.58,138.79
3620,3621,719.52,138.64
3621,3622,719.64,138.65
3622,3623,719.68,138.62
3623,3624,719.5,138.62
3624,3625,719.61,138.61
3625,3626,719.52,138.6
3626,3627,719.8,138.56
3627,3628,719.73,138.52
3628,3629,720.01,138.56
3629,3630,720.0,138.45
3630,3631,720.61,139.19
3631,3632,720.58,139.31
3632,3633,720.62,139.19
3633,3634,720.6,139.09
3634,3635,720.55,139.09
3635,3636,720.33,138.98
3636,3637,720.36,139.0
3637,3638,720.34,138.99
3638,3639,720.34,138.88
3639,3640,720.38,138.89
3640,3641,720.43,138.93
3641,3642,720.52,138.91
3642,3643,720.57,138.89
3643,3644,720.55,138.8
3644,3645,720.59,138.8
3645,3646,720.62,138.78
3646,3647,720.66,138.74
3647,3648,720.58,138.76
3648,3649,720.57,138.82
3649,3650,720.74,138.73
3650,3651,720.75,138.72
3651,3652,720.75,138.77
3652,3653,720.74,138.71
3653,3654,720.72,138.69
3654,3655,720.71,138.71
3655,3656,720.75,138.74
3656,3657,720.71,138.7
3657,3658,720.72,138.71
3658,3659,720.71,138.7
3659,3660,720.73,138.72
3660,3661,720.69,139.05
3661,3662,720.76,139.1
3662,3663,720.59,139.26
3663,3664,720.37,139.24
3664,3665,720.49,139.07
3665,3666,720.51,139.12
3666,3667,720.11,139.03
3667,3668,720.58,139.03
3668,3669,720.59,139.01
3669,3670,720.54,139.03
3670,3671,720.53,139.01
3671,3672,720.58,139.04
3672,3673,720.49,139.1
3673,3674,720.59,138.91
3674,3675,720.58,139.04
3675,3676,720.65,138.91
3676,3677,720.54,138.89
3677,3678,720.78,138.79
3678,3679,720.77,138.77
3679,3680,720.74,138.9
3680,3681,720.75,138.9
3681,3682,721.03,139.07
3682,3683,721.05,138.96
3683,3684,721.02,138.83
3684,3685,721.05,138.85
3685,3686,721.06,138.71
3686,3687,721.08,138.67
3687,3688,721.02,138.79
3688,3689,721.02,138.89
3689,3690,720.88,138.85
3690,3691,720.18,138.85
3691,3692,720.16,138.63
3692,3693,720.03,138.49
3693,3694,719.85,138.57
3694,3695,719.83,138.57
3695,3696,719.68,138.58
3696,3697,719.83,138.58
3697,3698,719.66,138.57
3698,3699,719.67,138.57
3699,3700,719.67,138.58
3700,3701,719.7,138.62
3701,3702,719.71,138.63
3702,3703,719.72,138.63
3703,3704,719.82,138.62
3704,3705,719.72,138.65
3705,3706,719.69,138.63
3706,3707,719.73,138.63
3707,3708,719.74,138.56
3708,3709,719.73,138.57
3709,3710,719.71,138.57
3710,3711,719.75,138.62
3711,3712,719.76,138.61
3712,3713,721.52,126.51
3713,3714,717.57,127.83
3714,3715,720.64,137.67
3715,3716,719.09,144.66
3716,3717,701.63,154.22
3717,3718,680.59,157.82
3718,3719,660.17,161.08
3719,3720,626.3,164.09
3720,3721,621.52,167.98
3721,3722,615.09,172.57
3722,3723,609.75,176.02
3723,3724,597.4,177.99
3724,3725,613.61,176.64
3725,3726,620.01,185.1
3726,3727,623.05,188.59
3727,3728,625.09,190.83
3728,3729,615.31,190.43
3729,3730,618.36,200.36
3730,3731,617.76,204.85
3731,3732,637.82,197.13
3732,3733,669.33,190.25
3733,3734,673.98,191.95
3734,3735,673.37,192.0
3735,3736,672.73,192.45
3736,3737,671.01,191.95
3737,3738,670.95,192.0
3738,3739,670.85,192.08
3739,3740,671.08,192.4
3740,3741,670.24,192.19
3741,3742,672.59,193.0
3742,3743,672.77,193.21
3743,3744,672.95,193.29
3744,3745,673.38,193.53
3745,3746,669.63,190.5
3746,3747,671.45,182.27
3747,3748,671.76,181.93
3748,3749,672.31,182.05
3749,3750,671.81,182.24
3750,3751,674.38,180.93
3751,3752,674.27,181.09
3752,3753,674.23,181.47
3753,3754,671.81,192.83
3754,3755,672.1,193.14
3755,3756,672.85,193.18
3756,3757,672.8,193.16
3757,3758,672.28,192.96
3758,3759,672.17,192.98
3759,3760,672.04,192.88
3760,3761,671.97,192.35
3761,3762,671.72,193.16
3762,3763,662.96,187.86
3763,3764,661.84,175.51
3764,3765,662.08,175.25
3765,3766,662.29,176.01
3766,3767,656.35,173.84
3767,3768,656.43,174.11
3768,3769,656.58,173.46
3769,3770,657.94,172.6
3770,3771,655.59,174.42
3771,3772,655.7,174.02
3772,3773,655.36,173.76
3773,3774,656.67,172.28
3774,3775,658.01,171.7
3775,3776,658.37,171.59
3776,3777,655.12,174.1
3777,3778,657.15,173.24
3778,3779,656.72,173.02
3779,3780,657.45,172.45
3780,3781,658.27,172.01
3781,3782,659.31,176.44
3782,3783,658.74,176.04
3783,3784,658.7,176.24
3784,3785,658.7,176.13
3785,3786,658.11,175.69
3786,3787,656.57,174.77
3787,3788,645.59,173.54
3788,3789,647.03,174.24
3789,3790,645.58,173.78
3790,3791,644.44,173.71
3791,3792,619.72,181.5
3792,3793,573.9,214.42
3793,3794,538.85,296.38
3794,3795,458.08,446.11
3795,3796,380.94,476.86
3796,3797,381.84,476.89
3797,3798,381.39,477.37
3798,3799,379.42,477.85
3799,3800,397.49,481.97
3800,3801,393.3,479.91
3801,3802,389.71,480.4
3802,3803,379.48,480.4
3803,3804,402.32,480.29
3804,3805,404.62,481.66
3805,3806,401.59,480.27
3806,3807,402.6,482.77
3807,3808,,
3808,3809,,
3809,3810,,
3810,3811,,
3811,3812,,
3812,3813,,
3813,3814,,
3814,3815,,
3815,3816,,
3816,3817,,
3817,3818,,
3818,3819,,
3819,3820,,
3820,3821,,
3821,3822,,
3822,3823,,
3823,3824,,
3824,3825,326.34,496.59
3825,3826,356.47,479.16
3826,3827,332.23,483.34
3827,3828,332.78,480.79
3828,3829,366.77,470.83
3829,3830,395.4,455.64
3830,3831,400.13,455.05
3831,3832,395.95,452.78
3832,3833,396.06,449.24
3833,3834,397.73,448.16
3834,3835,398.09,447.95
3835,3836,398.07,448.42
3836,3837,405.59,463.21
3837,3838,404.93,463.6
3838,3839,405.58,463.97
3839,3840,402.05,466.1
3840,3841,402.71,454.15
3841,3842,410.98,451.69
3842,3843,413.14,450.89
3843,3844,412.2,448.96
3844,3845,413.01,448.72
3845,3846,416.04,454.23
3846,3847,413.39,452.4
3847,3848,369.39,484.21
3848,3849,341.55,490.25
3849,3850,337.72,488.97
3850,3851,365.29,465.02
3851,3852,362.97,463.53
3852,3853,369.82,462.01
3853,3854,371.75,458.8
3854,3855,371.57,458.86
3855,3856,371.4,465.48
3856,3857,343.92,495.92
3857,3858,,
3858,3859,,
3859,3860,,
3860,3861,,
3861,3862,,
3862,3863,,
3863,3864,,
3864,3865,,
3865,3866,,
3866,3867,,
3867,3868,,
3868,3869,,
3869,3870,,
3870,3871,,
3871,3872,,
3872,3873,,
3873,3874,,
3874,3875,,
3875,3876,,
3876,3877,,
3877,3878,,
3878,3879,,
3879,3880,,
3880,3881,,
3881,3882,,
3882,3883,,
3883,3884,,
3884,3885,,
3885,3886,298.06,491.7
3886,3887,,
3887,3888,320.24,500.63
3888,3889,,
3889,3890,,
3890,3891,,
3891,3892,,
3892,3893,,
3893,3894,,
3894,3895,,
3895,3896,302.16,493.62
3896,3897,,
3897,3898,,
3898,3899,,
3899,3900,,
3900,3901,,
3901,3902,,
3902,3903,,
3903,3904,,
3904,3905,,
3905,3906,,
3906,3907,,
3907,3908,,
3908,3909,,
3909,3910,,
3910,3911,,
3911,3912,,
3912,3913,,
3913,3914,,
3914,3915,,
3915,3916,,
3916,3917,,
3917,3918,,
3918,3919,,
3919,3920,,
3920,3921,,
3921,3922,,
3922,3923,,
3923,3924,,
3924,3925,,
3925,3926,,
3926,3927,,
3927,3928,,
3928,3929,,
3929,3930,,
3930,3931,,
3931,3932,,
3932,3933,,
3933,3934,,
3934,3935,,
3935,3936,,
3936,3937,,
3937,3938,,
3938,3939,,
3939,3940,,
3940,3941,,
3941,3942,,
3942,3943,,
3943,3944,,
3944,3945,,
3945,3946,,
3946,3947,,
3947,3948,,
3948,3949,,
3949,3950,,
3950,3951,,
3951,3952,,
3952,3953,300.4,461.84
3953,3954,524.28,312.65
3954,3955,550.99,223.82
3955,3956,571.78,233.52
3956,3957,596.74,199.44
3957,3958,645.21,150.93
3958,3959,666.69,117.92
3959,3960,669.24,102.09
3960,3961,669.5,101.28
3961,3962,669.45,101.36
3962,3963,669.46,101.39
3963,3964,669.13,100.4
3964,3965,669.1,100.66
3965,3966,676.78,108.61
3966,3967,700.61,107.92
3967,3968,705.86,108.39
3968,3969,706.71,111.31
3969,3970,706.91,113.46
3970,3971,707.7,112.59
3971,3972,707.45,112.64
3972,3973,707.22,113.82
3973,3974,706.11,114.28
3974,3975,706.86,114.17
3975,3976,707.18,114.25
3976,3977,707.01,114.98
3977,3978,706.81,114.77
3978,3979,706.96,114.82
3979,3980,706.85,114.52
3980,3981,706.92,114.53
3981,3982,706.94,114.42
3982,3983,706.99,114.64
3983,3984,707.03,114.77
3984,3985,706.91,114.48
3985,3986,707.04,114.46
3986,3987,707.07,114.4
3987,3988,706.85,113.96
3988,3989,706.98,113.93
3989,3990,707.08,114.17
3990,3991,706.62,114.51
3991,3992,706.63,114.19
3992,3993,706.62,114.07
3993,3994,706.61,114.08
3994,3995,706.7,114.08
3995,3996,706.71,114.07
3996,3997,706.6,113.91
3997,3998,706.69,113.93
3998,3999,706.68,113.81
3999,4000,706.53,113.67
4000,4001,706.58,113.69
4001,4002,706.55,113.69
4002,4003,706.61,113.69
4003,4004,706.73,112.66
4004,4005,706.79,112.68
4005,4006,706.78,112.66
4006,4007,706.81,112.68
4007,4008,706.89,112.65
4008,4009,707.03,112.8
4009,4010,707.1,112.88
4010,4011,707.08,112.85
4011,4012,707.03,112.8
4012,4013,707.04,112.75
4013,4014,707.0,112.77
4014,4015,707.25,112.64
4015,4016,708.81,114.21
4016,4017,706.55,114.58
4017,4018,704.57,115.78
4018,4019,704.72,116.18
4019,4020,704.64,115.42
4020,4021,704.33,116.51
4021,4022,704.33,116.06
4022,4023,704.75,115.99
4023,4024,697.8,109.78
4024,4025,673.91,106.66
4025,4026,673.86,110.25
4026,4027,672.51,111.35
4027,4028,674.2,113.19
4028,4029,675.0,113.53
4029,4030,674.96,117.47
4030,4031,,
4031,4032,675.6,117.93
4032,4033,675.54,117.92
4033,4034,,
4034,4035,675.6,117.94
4035,4036,675.55,117.97
4036,4037,675.62,118.07
4037,4038,675.51,118.07
4038,4039,675.61,118.05
4039,4040,675.89,118.19
4040,4041,675.74,118.1
4041,4042,676.12,118.26
4042,4043,,
4043,4044,,
4044,4045,,
4045,4046,,
4046,4047,,
4047,4048,,
4048,4049,,
4049,4050,,
4050,4051,675.1,112.79
4051,4052,675.41,112.82
4052,4053,675.22,112.44
4053,4054,675.54,112.57
4054,4055,675.51,112.5
4055,4056,675.52,112.59
4056,4057,675.42,112.44
4057,4058,673.23,111.53
4058,4059,673.46,111.57
4059,4060,673.4,111.49
4060,4061,673.26,111.38
4061,4062,673.29,111.13
4062,4063,673.17,111.27
4063,4064,675.57,114.53
4064,4065,675.29,113.72
4065,4066,675.56,113.69
4066,4067,675.6,113.81
4067,4068,675.27,113.37
4068,4069,675.44,113.53
4069,4070,675.63,113.72
4070,4071,675.5,113.9
4071,4072,675.34,113.49
4072,4073,675.47,113.48
4073,4074,675.61,113.42
4074,4075,675.6,113.51
4075,4076,675.2,113.27
4076,4077,675.35,113.31
4077,4078,675.36,113.34
4078,4079,675.58,113.29
4079,4080,675.58,113.35
4080,4081,675.21,112.68
4081,4082,675.34,112.72
4082,4083,675.24,112.76
4083,4084,675.44,112.6
4084,4085,675.5,112.89
4085,4086,674.36,112.84
4086,4087,675.86,112.51
4087,4088,675.84,112.54
4088,4089,675.6,112.49
4089,4090,675.42,112.69
4090,4091,675.4,112.75
4091,4092,675.23,112.6
4092,4093,675.58,112.58
4093,4094,675.49,114.11
4094,4095,676.0,114.57
4095,4096,676.17,114.64
4096,4097,676.29,114.57
4097,4098,675.79,114.37
4098,4099,675.66,114.44
4099,4100,675.64,114.13
4100,4101,675.41,113.9
4101,4102,675.56,113.83
4102,4103,675.55,113.85
4103,4104,675.4,113.58
4104,4105,675.32,113.69
4105,4106,675.36,113.81
4106,4107,675.47,113.88
4107,4108,675.36,113.83
4108,4109,675.49,113.86
4109,4110,675.45,113.91
4110,4111,675.96,113.92
4111,4112,674.78,110.68
4112,4113,674.75,110.37
4113,4114,674.39,110.28
4114,4115,674.45,110.35
4115,4116,674.42,110.32
4116,4117,674.29,110.19
4117,4118,674.27,110.08
4118,4119,674.28,110.09
4119,4120,674.35,110.18
4120,4121,674.2,110.3
4121,4122,674.23,110.12
4122,4123,674.25,110.22
4123,4124,674.23,110.3
4124,4125,674.29,110.28
4125,4126,674.51,110.2
4126,4127,674.82,110.23
4127,4128,673.68,111.93
4128,4129,675.56,114.19
4129,4130,674.89,116.72
4130,4131,673.89,117.12
4131,4132,673.83,116.83
4132,4133,673.31,117.19
4133,4134,673.24,117.09
4134,4135,673.67,117.08
4135,4136,673.65,117.16
4136,4137,673.48,117.04
4137,4138,673.5,116.99
4138,4139,673.69,117.06
4139,4140,673.59,117.15
4140,4141,673.77,117.17
4141,4142,674.03,117.02
4142,4143,674.02,116.96
4143,4144,673.87,116.9
4144,4145,673.81,116.8
4145,4146,673.93,116.95
4146,4147,673.84,116.86
4147,4148,673.7,116.81
4148,4149,673.68,116.73
4149,4150,673.54,116.76
4150,4151,673.6,116.68
4151,4152,673.65,116.76
4152,4153,673.67,116.9
4153,4154,675.51,113.08
4154,4155,675.5,112.61
4155,4156,675.29,112.7
4156,4157,675.05,112.59
4157,4158,675.11,112.65
4158,4159,675.34,112.64
4159,4160,675.61,112.93
4160,4161,675.58,113.02
4161,4162,675.54,112.66
4162,4163,675.21,112.63
4163,4164,674.97,112.52
4164,4165,674.8,112.38
4165,4166,675.17,112.85
4166,4167,674.91,112.58
4167,4168,675.18,112.68
4168,4169,674.9,112.51
4169,4170,674.97,112.45
4170,4171,675.67,112.82
4171,4172,675.79,112.94
4172,4173,675.75,112.91
4173,4174,675.55,112.91
4174,4175,675.36,112.75
4175,4176,675.18,112.54
4176,4177,675.12,112.53
4177,4178,675.1,112.58
4178,4179,675.33,112.58
4179,4180,674.42,112.42
4180,4181,675.29,112.46
4181,4182,674.92,112.63
4182,4183,675.14,112.89
4183,4184,675.31,112.69
4184,4185,675.39,112.43
4185,4186,675.42,112.36
4186,4187,675.55,112.28
4187,4188,675.65,112.25
4188,4189,674.38,112.09
4189,4190,675.43,112.22
4190,4191,674.46,111.75
4191,4192,674.72,112.71
4192,4193,674.73,112.35
4193,4194,674.71,112.41
4194,4195,674.76,112.27
4195,4196,674.45,111.83
4196,4197,674.53,111.91
4197,4198,674.65,112.02
4198,4199,674.58,112.11
4199,4200,674.57,111.91
4200,4201,672.98,111.7
4201,4202,672.82,111.35
4202,4203,672.92,111.38
4203,4204,672.98,111.34
4204,4205,673.05,111.59
4205,4206,673.07,111.56
4206,4207,672.83,111.12
4207,4208,673.02,111.09
4208,4209,672.97,111.09
4209,4210,672.93,111.2
4210,4211,672.97,111.08
4211,4212,672.98,111.1
4212,4213,673.01,111.01
4213,4214,673.12,111.18
4214,4215,673.04,111.13
4215,4216,672.92,110.79
4216,4217,673.05,110.81
4217,4218,673.01,111.12
4218,4219,672.92,111.04
4219,4220,672.71,110.78
4220,4221,672.93,110.82
4221,4222,673.08,110.84
4222,4223,673.21,110.76
4223,4224,673.25,110.82
4224,4225,677.8,109.69
4225,4226,676.59,110.58
4226,4227,675.57,110.87
4227,4228,675.87,111.12
4228,4229,675.28,111.07
4229,4230,674.88,111.15
4230,4231,674.96,111.13
4231,4232,675.1,111.0
4232,4233,675.27,111.05
4233,4234,674.99,110.89
4234,4235,675.01,110.9
4235,4236,674.88,110.8
4236,4237,674.9,110.87
4237,4238,674.85,110.92
4238,4239,675.08,110.88
4239,4240,675.19,111.01
4240,4241,675.08,110.82
4241,4242,675.08,110.82
4242,4243,675.12,110.82
4243,4244,675.17,110.84
4244,4245,675.57,109.64
4245,4246,674.59,109.76
4246,4247,674.64,109.77
4247,4248,674.58,109.68
4248,4249,674.6,109.71
4249,4250,674.63,109.6
4250,4251,674.64,109.68
4251,4252,674.7,109.6
4252,4253,674.56,109.64
4253,4254,674.61,109.68
4254,4255,674.5,109.58
4255,4256,674.45,109.65
4256,4257,674.52,109.57
4257,4258,674.56,109.6
4258,4259,674.54,109.61
4259,4260,674.66,109.55
4260,4261,675.95,109.46
4261,4262,675.96,109.48
4262,4263,675.73,109.67
4263,4264,675.82,109.6
4264,4265,675.86,109.75
4265,4266,675.82,109.58
4266,4267,675.71,109.62
4267,4268,675.77,109.53
4268,4269,675.89,109.57
4269,4270,676.04,109.73
4270,4271,675.88,109.72
4271,4272,676.06,110.37
4272,4273,675.66,110.41
4273,4274,675.34,110.19
4274,4275,675.77,110.29
4275,4276,675.61,110.4
4276,4277,675.73,110.52
4277,4278,675.82,110.27
4278,4279,675.35,109.89
4279,4280,675.15,110.16
4280,4281,675.07,110.21
4281,4282,673.16,109.7
4282,4283,676.45,113.75
4283,4284,,
4284,4285,,
4285,4286,,
4286,4287,,
4287,4288,,
4288,4289,,
4289,4290,,
4290,4291,,
4291,4292,,
4292,4293,,
4293,4294,,
4294,4295,,
4295,4296,,
4296,4297,,
4297,4298,,
4298,4299,,
4299,4300,,
4300,4301,,
4301,4302,,
4302,4303,,
4303,4304,,
4304,4305,,
4305,4306,,
4306,4307,,
4307,4308,,
4308,4309,,
4309,4310,,
4310,4311,,
4311,4312,,
4312,4313,,
4313,4314,,
4314,4315,,
4315,4316,,
4316,4317,,
4317,4318,,
4318,4319,,
4319,4320,,
4320,4321,,
4321,4322,,
4322,4323,,
4323,4324,,
4324,4325,,
4325,4326,,
4326,4327,,
4327,4328,,
4328,4329,,
4329,4330,,
4330,4331,,
4331,4332,,
4332,4333,,
4333,4334,,
4334,4335,,
4335,4336,,
4336,4337,,
4337,4338,,
4338,4339,,
4339,4340,,
4340,4341,,
4341,4342,,
4342,4343,,
4343,4344,,
4344,4345,,
4345,4346,,
4346,4347,,
4347,4348,,
4348,4349,,
4349,4350,,
4350,4351,,
4351,4352,,
4352,4353,,
4353,4354,,
4354,4355,,
4355,4356,,
4356,4357,,
4357,4358,,
4358,4359,,
4359,4360,,
4360,4361,,
4361,4362,,
4362,4363,,
4363,4364,,
4364,4365,,
4365,4366,675.42,113.31
4366,4367,676.07,114.1
4367,4368,675.9,114.21
4368,4369,675.6,114.06
4369,4370,675.64,114.06
4370,4371,675.71,114.04
4371,4372,675.86,113.89
4372,4373,675.93,113.74
4373,4374,676.09,113.72
4374,4375,675.14,107.72
4375,4376,664.58,111.5
4376,4377,657.67,110.58
4377,4378,658.49,109.57
4378,4379,657.73,109.77
4379,4380,655.88,111.43
4380,4381,667.0,112.01
4381,4382,689.5,111.68
4382,4383,694.62,113.24
4383,4384,700.01,113.15
4384,4385,698.11,107.11
4385,4386,687.09,107.73
4386,4387,694.28,111.4
4387,4388,693.58,114.9
4388,4389,692.95,115.11
4389,4390,693.08,114.89
4390,4391,693.16,115.02
4391,4392,693.49,115.1
4392,4393,693.53,115.24
4393,4394,694.43,116.79
4394,4395,694.79,120.26
4395,4396,694.83,120.31
4396,4397,694.71,120.39
4397,4398,693.85,120.51
4398,4399,694.36,121.69
4399,4400,694.63,123.9
4400,4401,693.94,124.0
4401,4402,693.23,124.11
4402,4403,693.3,123.84
4403,4404,693.11,123.76
4404,4405,693.24,123.76
4405,4406,693.22,123.82
4406,4407,693.21,123.8
4407,4408,692.03,124.15
4408,4409,691.81,124.09
4409,4410,691.76,124.12
4410,4411,,
4411,4412,,
4412,4413,692.77,115.57
4413,4414,691.99,115.7
4414,4415,692.8,115.44
4415,4416,692.58,115.11
4416,4417,692.64,115.34
4417,4418,692.73,115.37
4418,4419,693.18,115.24
4419,4420,692.57,115.24
4420,4421,692.55,115.27
4421,4422,691.91,115.33
4422,4423,692.44,115.8
4423,4424,693.1,115.81
4424,4425,693.01,115.67
4425,4426,692.81,115.58
4426,4427,692.89,115.46
4427,4428,692.82,115.53
4428,4429,692.19,115.57
4429,4430,692.39,115.56
4430,4431,692.07,115.11
4431,4432,692.4,115.51
4432,4433,692.62,115.55
4433,4434,692.25,115.59
4434,4435,692.54,115.55
4435,4436,692.58,115.55
4436,4437,692.36,117.79
4437,4438,691.51,118.94
4438,4439,691.31,118.88
4439,4440,691.86,119.13
4440,4441,691.09,119.46
4441,4442,691.66,119.57
4442,4443,691.42,119.46
4443,4444,692.55,119.36
4444,4445,691.27,119.21
4445,4446,691.8,119.02
4446,4447,691.71,119.1
4447,4448,692.76,118.58
4448,4449,692.42,119.68
4449,4450,,
4450,4451,,
4451,4452,,
4452,4453,,
4453,4454,,
4454,4455,,
4455,4456,,
4456,4457,,
4457,4458,,
4458,4459,,
4459,4460,,
4460,4461,,
4461,4462,692.22,118.19
4462,4463,692.71,117.32
4463,4464,692.83,116.65
4464,4465,693.81,116.1
4465,4466,694.16,115.11
4466,4467,693.98,114.89
4467,4468,694.4,114.98
4468,4469,694.47,115.11
4469,4470,694.52,114.94
4470,4471,694.0,115.92
4471,4472,694.64,118.49
4472,4473,693.64,117.41
4473,4474,693.96,117.72
4474,4475,693.66,117.98
4475,4476,693.87,117.87
4476,4477,694.03,117.4
4477,4478,693.99,117.44
4478,4479,693.79,117.47
4479,4480,694.11,117.22
4480,4481,694.86,116.08
4481,4482,695.61,115.93
4482,4483,694.83,115.91
4483,4484,695.06,115.49
4484,4485,694.98,115.52
4485,4486,695.04,115.51
4486,4487,694.95,115.57
4487,4488,695.06,115.68
4488,4489,694.52,115.86
4489,4490,694.88,115.78
4490,4491,694.81,115.59
4491,4492,694.83,115.6
4492,4493,694.89,115.09
4493,4494,694.93,116.69
4494,4495,693.51,118.82
4495,4496,693.95,118.72
4496,4497,692.96,112.59
4497,4498,692.47,112.39
4498,4499,693.2,112.85
4499,4500,692.92,112.57
4500,4501,692.85,112.68
4501,4502,704.42,115.84
4502,4503,710.45,121.38
4503,4504,717.43,124.1
4504,4505,716.24,137.92
4505,4506,716.48,148.26
4506,4507,717.14,155.77
4507,4508,,
4508,4509,,
4509,4510,,
4510,4511,,
4511,4512,,
4512,4513,,
4513,4514,,
4514,4515,,
4515,4516,,
4516,4517,,
4517,4518,,
4518,4519,,
4519,4520,,
4520,4521,,
4521,4522,,
4522,4523,,
4523,4524,,
4524,4525,,
4525,4526,,
4526,4527,,
4527,4528,,
4528,4529,,
4529,4530,,
4530,4531,,
4531,4532,,
4532,4533,,
4533,4534,,
4534,4535,,
4535,4536,,
4536,4537,692.7,164.97
4537,4538,684.21,175.85
4538,4539,689.15,177.45
4539,4540,690.28,178.45
4540,4541,685.38,187.1
4541,4542,686.48,189.56
4542,4543,687.77,187.77
4543,4544,686.39,188.84
4544,4545,686.35,188.73
4545,4546,686.28,189.18
4546,4547,686.2,189.22
4547,4548,686.3,189.15
4548,4549,685.74,185.1
4549,4550,644.21,186.5
4550,4551,576.63,187.77
4551,4552,571.4,178.55
4552,4553,572.46,177.55
4553,4554,576.14,179.34
4554,4555,578.01,179.25
4555,4556,575.1,177.17
4556,4557,570.15,177.41
4557,4558,573.58,178.74
4558,4559,573.02,178.39
4559,4560,571.35,178.96
